algorithm,seed,episode,env_steps,episode_return,q_eval_mean,target_mean,epsilon_end,completed
dqn,17,1,111,-225.8360757836818,0.3560522794723511,-1.0965238822003205,0.989455,True
dqn,17,2,174,-49.96164925261624,0.356835275888443,-1.4849100952583647,0.98347,True
dqn,17,3,263,-141.1523039608701,0.3802565336227417,-1.2782984053653277,0.975015,True
dqn,17,4,356,-182.24021840724726,0.30127155780792236,-1.1970834369140286,0.96618,True
dqn,17,5,477,-9.046249621881245,0.39391952753067017,-1.1968672798315356,0.954685,True
dqn,17,6,577,-353.7873246886379,0.9146098494529724,-0.20750110793858767,0.945185,True
dqn,17,7,683,-93.09235191415388,0.9134519100189209,-0.28586081886347736,0.935115,True
dqn,17,8,766,-314.05385821711957,1.0096681118011475,-0.028160977166101157,0.92723,True
dqn,17,9,866,-155.0295471905473,0.9460647702217102,-0.6447342480719089,0.91773,True
dqn,17,10,957,-158.67854267227295,0.949656069278717,-0.5514366025780584,0.909085,True
dqn,17,11,1070,-284.9208641407496,1.5164190530776978,-0.012257968166233164,0.89835,True
dqn,17,12,1181,-205.00010913458175,1.881973385810852,0.29017074097384205,0.887805,True
dqn,17,13,1279,-213.70002019600452,1.899783968925476,-0.016328057388261874,0.878495,True
dqn,17,14,1382,-101.96230377006925,1.9364773035049438,0.08051999853652658,0.86871,True
dqn,17,15,1503,-234.3375964678553,2.2183823585510254,0.1776329393475509,0.8572150000000001,True
dqn,17,16,1598,-117.04226370234946,3.2174739837646484,0.9339118043058797,0.84819,True
dqn,17,17,1697,-334.324107142464,3.1686582565307617,0.6267086047716816,0.838785,True
dqn,17,18,1790,-119.94989985655685,3.0885019302368164,0.5457954312204033,0.82995,True
dqn,17,19,1892,-2.4300427726731044,3.2160942554473877,0.4517490780528854,0.82026,True
dqn,17,20,1998,-55.313828696318225,3.3764374256134033,0.583748681505896,0.81019,True
dqn,17,21,2104,-325.37092247302473,4.420607089996338,1.3905751519608047,0.8001199999999999,True
dqn,17,22,2189,-74.99114867442346,4.336277961730957,1.4915783040663775,0.792045,True
dqn,17,23,2258,-82.52147610601857,4.526268482208252,1.9298711423424706,0.78549,True
dqn,17,24,2351,-105.682676192471,4.370923042297363,1.71364013129665,0.776655,True
dqn,17,25,2427,-149.2755810448171,4.484628677368164,1.7278485062875246,0.769435,True
dqn,17,26,2518,-146.6058893681028,5.595205307006836,2.389702022075653,0.76079,True
dqn,17,27,2678,-96.05373026485812,5.6165313720703125,2.9707843458279966,0.74559,True
dqn,17,28,2805,-63.00685534329699,5.693863391876221,2.870981301848344,0.733525,True
dqn,17,29,2957,-45.43745394602146,5.537858963012695,3.4025357387175688,0.719085,True
dqn,17,30,3081,-45.105888180949705,6.44746208190918,3.7144582790713154,0.7073050000000001,True
dqn,17,31,3213,-109.06886520312669,6.412477493286133,4.35063158427224,0.6947650000000001,True
dqn,17,32,3345,-175.1372816910557,6.448828220367432,4.370339743115685,0.682225,True
dqn,17,33,3497,-82.16497558967643,6.501748085021973,4.694733154616858,0.6677850000000001,True
dqn,17,34,3601,-45.626099322800215,7.4425578117370605,5.364046580516375,0.657905,True
dqn,17,35,3739,-182.93384481392528,7.35092306137085,5.408578474884448,0.644795,True
dqn,17,36,3944,-42.54745531996552,7.3171844482421875,5.425888051637789,0.6253200000000001,True
dqn,17,37,4020,-203.5944067753328,8.738297462463379,6.112005921570878,0.6181,True
dqn,17,38,4169,-53.78385907043484,8.414863586425781,6.283348736747,0.603945,True
dqn,17,39,4368,-11.365497989952132,8.495521545410156,6.495164687609552,0.58504,True
dqn,17,40,4554,-5.192516228988708,9.635430335998535,7.091899356534404,0.5673699999999999,True
dqn,17,41,4640,-76.50863763459388,9.664639472961426,7.453300908554432,0.5591999999999999,True
dqn,17,42,4742,-9.719837346254948,9.560881614685059,8.01622958276786,0.5495099999999999,True
dqn,17,43,4887,15.827038572355264,9.613451957702637,7.944504981205381,0.5357350000000001,True
dqn,17,44,5133,-37.955493621193014,10.695579528808594,8.38911816453546,0.5123650000000001,True
dqn,17,45,6001,-201.8084965511484,11.9388427734375,9.263737296179142,0.4299050000000001,True
dqn,17,46,7001,-15.601941455892469,13.896645545959473,9.460956123590469,0.3349050000000001,True
dqn,17,47,8001,-26.65091561188277,15.047554016113281,7.592765879720449,0.23990500000000003,True
dqn,17,48,9001,-47.423413638289325,15.76103401184082,9.029318619549274,0.14490500000000006,True
dqn,17,49,9385,-109.42492162501466,16.304397583007812,10.26658977335319,0.108425,True
dqn,17,50,10385,-45.23544057331981,16.98889923095703,11.122546754896641,0.050000000000000044,True
dqn,17,51,11385,-71.08113778303763,17.843156814575195,13.01535520029068,0.050000000000000044,True
dqn,17,52,12385,-88.26055924918265,18.913957595825195,13.713014623403549,0.050000000000000044,True
dqn,17,53,13385,22.702943442491474,19.655311584472656,14.71615447640419,0.050000000000000044,True
dqn,17,54,14385,-80.14176034342638,21.098302841186523,16.039229892969132,0.050000000000000044,True
dqn,17,55,15385,-80.27153200672468,22.11083221435547,16.507002743005753,0.050000000000000044,True
dqn,17,56,16385,16.249880695526553,23.247716903686523,16.720118336439132,0.050000000000000044,True
dqn,17,57,17385,-68.87927811787961,24.232942581176758,16.927882110595704,0.050000000000000044,True
dqn,17,58,18385,14.559813707476232,25.194263458251953,17.528905078649522,0.050000000000000044,True
dqn,17,59,19385,-57.650449421462696,26.486610412597656,17.729468984603884,0.050000000000000044,True
dqn,17,60,20385,-34.505849017047105,27.657041549682617,18.1311124792099,0.050000000000000044,True
dqn,17,61,21385,-58.90723481434638,29.368078231811523,18.578011318206787,0.050000000000000044,True
dqn,17,62,22385,-56.52548169755214,30.961894989013672,18.940342134475706,0.050000000000000044,True
dqn,17,63,22478,20.627752713888228,31.298198699951172,19.0938753825362,0.050000000000000044,True
dqn,17,64,22843,286.8411094091109,32.09726333618164,18.993513610918228,0.050000000000000044,True
dqn,17,65,23157,298.02743394743044,33.5068473815918,19.264674751621904,0.050000000000000044,True
dqn,17,66,24157,-55.4689483345307,34.79332733154297,20.061719670772554,0.050000000000000044,True
dqn,17,67,25157,-49.915415695863004,36.73719787597656,20.181659830093384,0.050000000000000044,True
dqn,17,68,26157,26.055889524634637,39.220985412597656,20.772687059402465,0.050000000000000044,True
dqn,17,69,27157,-22.15444145793318,41.08293533325195,21.305148278236388,0.050000000000000044,True
dqn,17,70,28157,-40.97388170915499,43.053226470947266,21.537989402770997,0.050000000000000044,True
dqn,17,71,29157,-5.013682902029467,46.165340423583984,22.240951241493224,0.050000000000000044,True
dqn,17,72,30157,-10.643173030897993,48.513816833496094,22.994002734422683,0.050000000000000044,True
dqn,17,73,31157,-13.832597183282267,51.600826263427734,23.506750700950622,0.050000000000000044,True
dqn,17,74,32157,-25.779479103885375,51.866668701171875,23.78999226951599,0.050000000000000044,True
dqn,17,75,33157,36.19313156949742,53.6455078125,23.904241408348085,0.050000000000000044,True
dqn,17,76,34157,-32.68062427609433,56.353885650634766,24.583338154792784,0.050000000000000044,True
dqn,17,77,35157,-22.863754356665375,56.96297836303711,25.18724521923065,0.050000000000000044,True
dqn,17,78,36157,-14.065373384989044,57.773826599121094,25.14625653076172,0.050000000000000044,True
dqn,17,79,37157,-15.026651590565779,59.48948669433594,24.930288779258728,0.050000000000000044,True
dqn,17,80,38157,-10.11209186851996,61.15407180786133,24.770385736465453,0.050000000000000044,True
dqn,17,81,39157,-24.94553220092262,62.65211868286133,24.597329491615294,0.050000000000000044,True
dqn,17,82,40157,11.457520251513744,63.329063415527344,24.200669424057008,0.050000000000000044,True
dqn,17,83,41157,3.1091542382601443,64.8782958984375,24.51798038959503,0.050000000000000044,True
dqn,17,84,42157,16.56676503373489,65.35276794433594,24.593974890708925,0.050000000000000044,True
dqn,17,85,43157,6.05553030801408,66.96444702148438,24.251272497177123,0.050000000000000044,True
dqn,17,86,44157,-10.390468152842306,68.03349304199219,24.208019228935242,0.050000000000000044,True
dqn,17,87,45157,36.55884324369274,68.58741760253906,23.946040139198303,0.050000000000000044,True
dqn,17,88,46157,21.060928162359705,70.37262725830078,24.263715497016907,0.050000000000000044,True
dqn,17,89,47157,-43.583014799351034,71.89436340332031,24.53564410305023,0.050000000000000044,True
dqn,17,90,48157,-42.23128837650608,71.14493560791016,24.25799990653992,0.050000000000000044,True
dqn,17,91,49157,-9.793180976660883,73.26008605957031,23.50410170173645,0.050000000000000044,True
dqn,17,92,50157,-33.995837094293584,72.22502899169922,23.333090529441833,0.050000000000000044,True
dqn,17,93,51157,-22.316885258513253,74.10363006591797,22.880740733146666,0.050000000000000044,True
dqn,17,94,52157,4.245063069822227,73.63848876953125,22.764862067222595,0.050000000000000044,True
dqn,17,95,53157,-41.87729714256225,74.3211441040039,22.487099575042723,0.050000000000000044,True
dqn,17,96,54157,5.569305236665302,74.88197326660156,21.497961317062376,0.050000000000000044,True
dqn,17,97,55157,16.477291699322958,75.46795654296875,20.23108403301239,0.050000000000000044,True
dqn,17,98,56157,-25.744627158284825,75.52215576171875,19.60088366317749,0.050000000000000044,True
dqn,17,99,57157,-11.359502407136045,76.56639099121094,19.10786391925812,0.050000000000000044,True
dqn,17,100,58157,-32.342024446399726,77.1590347290039,18.49957381725311,0.050000000000000044,True
dqn,17,101,59157,-9.90891286368748,78.72234344482422,18.31406087779999,0.050000000000000044,True
dqn,17,102,60157,8.543675655803028,78.49524688720703,17.538839907646178,0.050000000000000044,True
dqn,17,103,61157,23.19769732063515,78.94576263427734,17.002012927055357,0.050000000000000044,True
dqn,17,104,61910,203.3975512862889,79.54977416992188,16.51303123762883,0.050000000000000044,True
dqn,17,105,62739,122.20241819493957,79.09980773925781,16.290904026698723,0.050000000000000044,True
dqn,17,106,63550,121.90527359035849,78.82197570800781,16.6044508702364,0.050000000000000044,True
dqn,17,107,63997,254.07082113819928,78.07950592041016,17.021160053193437,0.050000000000000044,True
dqn,17,108,64452,251.7755021340702,79.20189666748047,16.90403055882716,0.050000000000000044,True
dqn,17,109,64998,225.85765970907875,79.65067291259766,16.906338331900237,0.050000000000000044,True
dqn,17,110,65998,-34.82482598110996,79.56312561035156,16.38586692905426,0.050000000000000044,True
dqn,17,111,66546,204.0998058871716,79.74964141845703,16.475657130679945,0.050000000000000044,True
dqn,17,112,67016,256.16543337471995,80.9625473022461,16.67778846659559,0.050000000000000044,True
dqn,17,113,68016,-12.16609568321493,80.9597396850586,16.496418642520904,0.050000000000000044,True
dqn,17,114,69016,8.278250100016475,81.62157440185547,16.419687159061432,0.050000000000000044,True
dqn,17,115,69493,231.31355840409643,81.0836181640625,16.041162945689397,0.050000000000000044,True
dqn,17,116,70493,-4.14041546899961,81.93396759033203,15.811710511684417,0.050000000000000044,True
dqn,17,117,71493,-49.3886738236996,81.7329330444336,15.731202394962311,0.050000000000000044,True
dqn,17,118,72493,-37.60457163378191,80.97248840332031,15.691514957904817,0.050000000000000044,True
dqn,17,119,73165,170.3210700276593,81.46586608886719,15.257523235820589,0.050000000000000044,True
dqn,17,120,73253,-51.90987715582042,81.53517150878906,14.631542953577908,0.050000000000000044,True
dqn,17,121,74253,10.033780751847623,81.70464324951172,14.678221326828004,0.050000000000000044,True
dqn,17,122,74556,8.992228881164678,81.15189361572266,14.930935378121857,0.050000000000000044,True
dqn,17,123,75205,282.2233158571788,81.33849334716797,15.264444202781641,0.050000000000000044,True
dqn,17,124,75970,247.66763687152266,81.05552673339844,15.508824366525888,0.050000000000000044,True
dqn,17,125,76258,14.632450541647842,80.44400024414062,15.295522878567377,0.050000000000000044,True
dqn,17,126,77081,146.85351044982252,81.62690734863281,15.735944097270943,0.050000000000000044,True
dqn,17,127,77600,256.92469312570904,80.96878814697266,15.582777829069164,0.050000000000000044,True
dqn,17,128,77857,30.12714712230877,81.28838348388672,15.901349678113768,0.050000000000000044,True
dqn,17,129,78714,197.93507183759013,80.80838012695312,15.932926757750183,0.050000000000000044,True
dqn,17,130,78848,-18.669698714644653,80.02339172363281,16.267041455453903,0.050000000000000044,True
dqn,17,131,79834,153.72820377653608,79.61731719970703,16.35669017660207,0.050000000000000044,True
dqn,17,132,80297,260.8768234702694,79.62911987304688,16.30216591301541,0.050000000000000044,True
dqn,17,133,80555,278.0183152243867,80.12101745605469,16.290385582650355,0.050000000000000044,True
dqn,17,134,80746,247.53849766561686,79.51110076904297,16.509958611733,0.050000000000000044,True
dqn,17,135,81581,160.19267006359541,79.45897674560547,16.40354988075302,0.050000000000000044,True
dqn,17,136,81914,250.40106347288554,79.92256927490234,16.61006404114915,0.050000000000000044,True
dqn,17,137,82914,15.636236716844676,79.71575927734375,17.003227838993073,0.050000000000000044,True
dqn,17,138,83914,36.95500315039564,79.56824493408203,17.169565001487733,0.050000000000000044,True
dqn,17,139,84366,241.30416254114613,78.94746398925781,17.270479230754145,0.050000000000000044,True
dqn,17,140,85366,11.934651186803654,78.57264709472656,16.9569744348526,0.050000000000000044,True
dqn,17,141,85656,264.94867756843246,78.64466857910156,16.819500380548938,0.050000000000000044,True
dqn,17,142,86276,238.30882852294167,78.44181823730469,17.30646539734256,0.050000000000000044,True
dqn,17,143,87276,-17.987745182172944,78.06941223144531,17.05260624408722,0.050000000000000044,True
dqn,17,144,88276,15.396492041999617,77.51775360107422,17.034825491428375,0.050000000000000044,True
dqn,17,145,88559,297.94099000993253,78.10409545898438,17.124811585294907,0.050000000000000044,True
dqn,17,146,89171,238.067299968431,77.04476928710938,17.127848213794184,0.050000000000000044,True
dqn,17,147,89726,276.95471704182864,77.49971771240234,17.405566949242942,0.050000000000000044,True
dqn,17,148,89840,36.16484384601708,77.41990661621094,17.764162230909918,0.050000000000000044,True
dqn,17,149,90840,133.69386256565457,77.44061279296875,17.673299659252166,0.050000000000000044,True
dqn,17,150,91385,261.38891648850154,75.70513916015625,17.79079591418625,0.050000000000000044,True
dqn,17,151,91460,-27.672336160770996,75.69883728027344,17.927178039550782,0.050000000000000044,True
dqn,17,152,91831,257.2946462373472,75.52288818359375,18.012019828323407,0.050000000000000044,True
dqn,17,153,92065,52.58089010169559,75.97941589355469,18.450458004943325,0.050000000000000044,True
dqn,17,154,93065,142.8858553090349,75.7248764038086,18.422720580101014,0.050000000000000044,True
dqn,17,155,93617,178.8930456736516,76.30247497558594,18.075193339499876,0.050000000000000044,True
dqn,17,156,94617,81.30707495577587,76.45006561279297,18.485630731582642,0.050000000000000044,True
dqn,17,157,95190,231.49660078120024,76.35733032226562,18.600342256236452,0.050000000000000044,True
dqn,17,158,95549,224.51892493659926,75.91246032714844,19.099490843111425,0.050000000000000044,True
dqn,17,159,96449,238.56996590465312,76.51248168945312,19.065218078825207,0.050000000000000044,True
dqn,17,160,97449,1.4939177276334554,76.19166564941406,19.356155610084535,0.050000000000000044,True
dqn,17,161,98050,163.10971378053995,76.562255859375,19.17592302217658,0.050000000000000044,True
dqn,17,162,99050,108.00985448298451,76.69029235839844,19.569372092247008,0.050000000000000044,True
dqn,17,163,99861,273.78472557493,76.75300598144531,19.845108898882508,0.050000000000000044,True
dqn,23,1,89,-347.6415431026405,-0.7981008887290955,-2.5061769485473633,0.991545,True
dqn,23,2,162,-187.94696767483504,-1.0991631746292114,-3.0320898686369806,0.98461,True
dqn,23,3,277,-105.46589581236074,-0.2557765245437622,-2.4647367119789125,0.973685,True
dqn,23,4,354,-114.17762247069727,-0.11697139590978622,-1.8617286736314946,0.96637,True
dqn,23,5,419,-73.29887266197015,0.35224905610084534,-1.6889938061053937,0.960195,True
dqn,23,6,534,-147.8668887327988,1.1655066013336182,-1.3665337917597398,0.9492700000000001,True
dqn,23,7,645,-73.59351266466984,1.1290532350540161,-0.6744158282238353,0.938725,True
dqn,23,8,718,-106.70657039609442,1.2357628345489502,-0.6682369415074179,0.93179,True
dqn,23,9,776,-163.48411737134865,0.9906497001647949,-0.39472047547841893,0.92628,True
dqn,23,10,911,-261.8202088108563,1.5145766735076904,-0.5196522020079472,0.913455,True
dqn,23,11,996,-117.72395277507671,1.5056484937667847,-0.7237068533020861,0.90538,True
dqn,23,12,1070,-215.692630494787,2.163846731185913,-0.00606431087126603,0.89835,True
dqn,23,13,1156,-209.90620780312486,2.593475341796875,0.00804505427909452,0.89018,True
dqn,23,14,1244,-149.70243364757812,2.425060510635376,-0.4306226165287874,0.88182,True
dqn,23,15,1327,-132.40299290451998,2.564711809158325,-0.8196970311453543,0.873935,True
dqn,23,16,1433,-213.91003555685452,2.5274879932403564,-0.6819836581653019,0.863865,True
dqn,23,17,1509,-124.9933506696219,3.257798433303833,-0.7642656006899319,0.856645,True
dqn,23,18,1578,-98.30722502767289,3.408879041671753,-0.0040326412173285,0.85009,True
dqn,23,19,1648,-221.44537281929018,3.4652392864227295,-0.5304032267204353,0.84344,True
dqn,23,20,1749,-89.29899382262701,3.425783157348633,-0.0309935728512188,0.833845,True
dqn,23,21,1877,-83.45812651497542,3.642545700073242,-0.12620826181955636,0.821685,True
dqn,23,22,2014,-119.68142349833565,4.282562732696533,0.1896909947377922,0.80867,True
dqn,23,23,2094,-81.54678414645808,4.570533275604248,0.5955059580504894,0.80107,True
dqn,23,24,2205,-113.23926667732272,4.614360332489014,0.9843022537392538,0.790525,True
dqn,23,25,2302,-116.1074879835603,4.432469367980957,1.291522375087148,0.7813100000000001,True
dqn,23,26,2392,-234.82075968948672,4.6946234703063965,1.1547787024743028,0.77276,True
dqn,23,27,2523,-124.54994233404531,5.524654388427734,1.1920805400564471,0.760315,True
dqn,23,28,2671,-79.20714370797809,6.090986251831055,2.1325412508402324,0.746255,True
dqn,23,29,2853,-72.51474863308027,6.068747520446777,2.230271749853433,0.7289650000000001,True
dqn,23,30,2961,-127.99412437377158,6.1267571449279785,2.3328149760210954,0.718705,True
dqn,23,31,3049,-58.40027397437449,7.126996040344238,2.602776676416397,0.710345,True
dqn,23,32,3177,-78.37407821609335,7.356470108032227,2.7546373864170164,0.6981850000000001,True
dqn,23,33,3294,-112.16604994044602,7.543062686920166,3.1425604993461542,0.6870700000000001,True
dqn,23,34,3367,-52.92145655840589,7.436735153198242,3.391533974507084,0.6801349999999999,True
dqn,23,35,3490,-167.36989734544647,7.226667404174805,3.454764322779043,0.66845,True
dqn,23,36,3607,-89.52830696163738,8.537790298461914,3.8671276661065908,0.657335,True
dqn,23,37,3762,-84.50565073811413,8.611556053161621,4.049704516703082,0.64261,True
dqn,23,38,3937,-52.364792946941336,8.921614646911621,4.354458112035479,0.625985,True
dqn,23,39,4157,-59.56357619393064,9.823009490966797,4.806758653304794,0.605085,True
dqn,23,40,4262,-163.83825350320436,9.74721908569336,4.925623987969898,0.59511,True
dqn,23,41,4368,-4.8183337547241365,9.84921646118164,4.907551428619421,0.58504,True
dqn,23,42,4588,-94.94363055619887,10.745104789733887,5.426621603152968,0.5641400000000001,True
dqn,23,43,4725,-197.19268979660632,10.899099349975586,5.810640548702574,0.5511250000000001,True
dqn,23,44,4921,-30.297117789419204,11.144864082336426,5.459157480877273,0.532505,True
dqn,23,45,5066,-73.67198617121156,11.643054008483887,6.154594243805984,0.5187299999999999,True
dqn,23,46,5214,-17.84072607885902,11.543339729309082,6.377678190936914,0.5046700000000001,True
dqn,23,47,5307,-26.690284576912987,11.986414909362793,7.286991425739822,0.495835,True
dqn,23,48,5464,-60.25565891378352,12.032685279846191,6.7659933973269855,0.48092,True
dqn,23,49,5625,-16.039520671123725,12.61762809753418,7.874214847635779,0.46562500000000007,True
dqn,23,50,6625,-37.64573386054059,14.382490158081055,7.302311196863651,0.3706250000000001,True
dqn,23,51,7625,-13.202028860504779,16.101659774780273,7.248638462543488,0.2756250000000001,True
dqn,23,52,8625,81.51684916565063,17.291210174560547,7.838046336919069,0.18062500000000004,True
dqn,23,53,9625,28.386772954481167,18.29800033569336,7.224548454344273,0.08562500000000006,True
dqn,23,54,10432,-362.31698533352886,18.12610626220703,6.141486320612303,0.050000000000000044,True
dqn,23,55,11432,-135.4638928011214,19.668622970581055,7.442266691178084,0.050000000000000044,True
dqn,23,56,12432,8.625537674899215,20.412668228149414,8.61112453597784,0.050000000000000044,True
dqn,23,57,13432,3.2862932625704815,22.097923278808594,9.556018049001693,0.050000000000000044,True
dqn,23,58,14432,-11.902374726436273,22.914522171020508,10.056196079611778,0.050000000000000044,True
dqn,23,59,15432,-56.35988631146759,23.22362518310547,10.86026560255885,0.050000000000000044,True
dqn,23,60,16432,-62.2352495319412,23.740642547607422,11.139872969388962,0.050000000000000044,True
dqn,23,61,17432,-49.87676017172932,24.659082412719727,11.285083566486836,0.050000000000000044,True
dqn,23,62,18432,-49.15587711976396,26.112699508666992,11.087359711825847,0.050000000000000044,True
dqn,23,63,19432,-24.99998765462404,26.85149574279785,11.516402450144291,0.050000000000000044,True
dqn,23,64,20432,-14.649016948874266,27.660356521606445,11.19897048896551,0.050000000000000044,True
dqn,23,65,20913,-139.08307730440566,27.657529830932617,11.322028483645584,0.050000000000000044,True
dqn,23,66,21913,-20.191755170910525,28.648143768310547,11.542050816357136,0.050000000000000044,True
dqn,23,67,22913,-42.62391833013423,29.9345645904541,11.63672563815117,0.050000000000000044,True
dqn,23,68,23913,-44.20508709994592,31.12732696533203,12.077860165715217,0.050000000000000044,True
dqn,23,69,24913,2.446420646724558,32.72774887084961,12.395859572350979,0.050000000000000044,True
dqn,23,70,25913,-5.451634698289919,32.94103240966797,12.353963779330254,0.050000000000000044,True
dqn,23,71,26913,-74.46248103919189,34.828697204589844,12.454219473123551,0.050000000000000044,True
dqn,23,72,27913,-32.72539232839867,36.38444519042969,12.638065081149339,0.050000000000000044,True
dqn,23,73,28913,-59.41391466562242,37.570987701416016,13.086788855910301,0.050000000000000044,True
dqn,23,74,29913,-3.8903628791363367,39.801849365234375,13.366516774177551,0.050000000000000044,True
dqn,23,75,30913,-11.575208371602246,40.849388122558594,13.847321153759957,0.050000000000000044,True
dqn,23,76,31913,-6.687743907713549,42.46604537963867,14.197192588925361,0.050000000000000044,True
dqn,23,77,32913,26.749946475533367,44.233924865722656,14.961711134791374,0.050000000000000044,True
dqn,23,78,33913,-28.456129346763117,44.978721618652344,15.067241555452346,0.050000000000000044,True
dqn,23,79,34913,-29.055880227283385,45.186851501464844,14.95959936594963,0.050000000000000044,True
dqn,23,80,35913,-17.654277173621285,46.23786163330078,15.625024695873261,0.050000000000000044,True
dqn,23,81,36913,-14.635278142240807,48.21308135986328,16.132952192485334,0.050000000000000044,True
dqn,23,82,37913,-13.690861816546166,48.97467803955078,16.046660514593125,0.050000000000000044,True
dqn,23,83,38913,7.491061208236193,50.775028228759766,16.539165483236314,0.050000000000000044,True
dqn,23,84,39913,-16.21483082879514,51.778282165527344,16.555879932403563,0.050000000000000044,True
dqn,23,85,40913,-16.578311280877905,52.32948684692383,16.87709732198715,0.050000000000000044,True
dqn,23,86,41913,-30.64145257946455,53.56556701660156,16.99329713487625,0.050000000000000044,True
dqn,23,87,42913,20.983421197977624,54.047908782958984,17.13346475982666,0.050000000000000044,True
dqn,23,88,43913,-25.382604137716548,54.90972137451172,17.036192955493927,0.050000000000000044,True
dqn,23,89,44913,-19.46951109550076,56.82080078125,17.33834269475937,0.050000000000000044,True
dqn,23,90,45913,-10.188523644740762,57.05290985107422,17.220885063171387,0.050000000000000044,True
dqn,23,91,46913,-97.35548438181824,57.7885856628418,17.174978580236434,0.050000000000000044,True
dqn,23,92,47913,-67.68055363580835,59.15205383300781,16.692966059446334,0.050000000000000044,True
dqn,23,93,48913,-13.1618403989414,59.706871032714844,16.582015564203264,0.050000000000000044,True
dqn,23,94,49913,-88.02712062612147,60.685447692871094,16.55747653722763,0.050000000000000044,True
dqn,23,95,50913,-50.99358550065495,61.37833023071289,16.50877763390541,0.050000000000000044,True
dqn,23,96,51913,17.654955636540787,61.68059539794922,16.19775760102272,0.050000000000000044,True
dqn,23,97,52913,-42.00323344298003,61.081398010253906,15.87772282218933,0.050000000000000044,True
dqn,23,98,53913,-17.312611421004327,62.570518493652344,15.505444941401482,0.050000000000000044,True
dqn,23,99,54834,162.21782697028965,62.38605499267578,14.93265152029313,0.050000000000000044,True
dqn,23,100,55834,-1.6200185014463386,62.998573303222656,14.18739371919632,0.050000000000000044,True
dqn,23,101,56834,-25.201001585001706,63.84785079956055,13.638388558387756,0.050000000000000044,True
dqn,23,102,57834,22.98693158721887,63.77392578125,12.658418290138245,0.050000000000000044,True
dqn,23,103,58834,24.54729004408989,63.621131896972656,12.223121236801147,0.050000000000000044,True
dqn,23,104,59694,182.27205179695437,63.866233825683594,12.052478622281274,0.050000000000000044,True
dqn,23,105,60694,-9.818831954598844,63.625492095947266,11.629759421110153,0.050000000000000044,True
dqn,23,106,61523,160.67958233796463,64.30134582519531,10.881417962984239,0.050000000000000044,True
dqn,23,107,62013,-252.170111185892,63.418983459472656,10.234061131185415,0.050000000000000044,True
dqn,23,108,62925,140.004977364537,63.615352630615234,10.390980000558653,0.050000000000000044,True
dqn,23,109,63925,12.300529557853098,63.659297943115234,9.964548287153244,0.050000000000000044,True
dqn,23,110,64534,215.55715224400723,63.82449722290039,9.985546890346484,0.050000000000000044,True
dqn,23,111,64856,259.5387501694442,63.76340866088867,10.043417327892707,0.050000000000000044,True
dqn,23,112,65856,19.388127642965365,64.04283905029297,10.677152587413788,0.050000000000000044,True
dqn,23,113,66856,47.80848028764446,63.960147857666016,10.787747360944747,0.050000000000000044,True
dqn,23,114,67856,-34.38427469358938,64.09761047363281,11.127111460924148,0.050000000000000044,True
dqn,23,115,68856,84.39586502418257,64.02375030517578,11.415211490392686,0.050000000000000044,True
dqn,23,116,69856,35.57393513187028,64.7492446899414,11.532637904405593,0.050000000000000044,True
dqn,23,117,70623,210.71524941123948,64.8184585571289,11.693633243966135,0.050000000000000044,True
dqn,23,118,71623,34.729193897218266,65.65715026855469,11.859445290088654,0.050000000000000044,True
dqn,23,119,72211,230.13668664855754,65.4332046508789,11.79618033543736,0.050000000000000044,True
dqn,23,120,72345,-60.1351240576616,65.39814758300781,11.843732559858863,0.050000000000000044,True
dqn,23,121,73345,-9.091656882561828,66.1298828125,12.114500562429429,0.050000000000000044,True
dqn,23,122,73573,3.0047284624985764,65.25110626220703,12.298000812530518,0.050000000000000044,True
dqn,23,123,74211,211.36434463837048,65.51419830322266,12.330599308013916,0.050000000000000044,True
dqn,23,124,74801,222.52446468529104,65.7406234741211,12.349151027808755,0.050000000000000044,True
dqn,23,125,75801,-2.7206841308879257,66.60110473632812,12.374936372518539,0.050000000000000044,True
dqn,23,126,76801,9.741108369361948,66.28295135498047,12.162962971687318,0.050000000000000044,True
dqn,23,127,77054,266.49636274854487,66.80630493164062,12.343505342958473,0.050000000000000044,True
dqn,23,128,77582,232.27388951939076,66.66360473632812,12.582691904270288,0.050000000000000044,True
dqn,23,129,77891,261.12227502138336,66.88351440429688,13.171837034348917,0.050000000000000044,True
dqn,23,130,78891,-14.894074970652618,66.76191711425781,13.285037045001983,0.050000000000000044,True
dqn,23,131,79110,263.5847897900554,68.17951202392578,13.074592599041386,0.050000000000000044,True
dqn,23,132,79370,37.09977269359686,67.42008972167969,13.40268830702855,0.050000000000000044,True
dqn,23,133,79686,291.8912891410492,67.95683288574219,13.636043670811231,0.050000000000000044,True
dqn,23,134,80686,-24.875835376010304,68.0351791381836,13.713127801895142,0.050000000000000044,True
dqn,23,135,81686,122.5601575308806,68.24639892578125,13.752832490921021,0.050000000000000044,True
dqn,23,136,81828,55.1275318342264,68.04053497314453,13.739360403007185,0.050000000000000044,True
dqn,23,137,82159,259.6816414581566,68.59803009033203,14.014049195811108,0.050000000000000044,True
dqn,23,138,82269,5.869780714028721,68.05518341064453,14.1547157460993,0.050000000000000044,True
dqn,23,139,83269,-4.803650053205455,68.23656463623047,14.12471124649048,0.050000000000000044,True
dqn,23,140,83428,0.08702129603425135,68.728515625,14.162623684361296,0.050000000000000044,True
dqn,23,141,83864,239.7853828519542,68.43224334716797,14.487899567009112,0.050000000000000044,True
dqn,23,142,84153,259.83560839301936,68.62381744384766,14.540513545171612,0.050000000000000044,True
dqn,23,143,85093,176.3560928078493,68.82601928710938,14.513659466581142,0.050000000000000044,True
dqn,23,144,85304,45.09571685968058,68.92230224609375,14.553053525951801,0.050000000000000044,True
dqn,23,145,85512,249.97892622214405,69.09806823730469,14.662905883330565,0.050000000000000044,True
dqn,23,146,85885,278.8834457865844,69.39730072021484,15.174074923384925,0.050000000000000044,True
dqn,23,147,86370,222.43354187465414,69.60167694091797,15.511850473069654,0.050000000000000044,True
dqn,23,148,87370,56.989012428602756,69.43721008300781,15.811959416389465,0.050000000000000044,True
dqn,23,149,87501,-9.132491217796769,69.75714874267578,15.686459060843664,0.050000000000000044,True
dqn,23,150,87695,-24.527394988526467,69.68160247802734,15.655955860295247,0.050000000000000044,True
dqn,23,151,88219,233.61027528504144,69.34342193603516,15.83575953054064,0.050000000000000044,True
dqn,23,152,88789,225.2834930748715,69.0759048461914,15.556940733759026,0.050000000000000044,True
dqn,23,153,89172,288.9522137574171,68.96194458007812,15.617890732717887,0.050000000000000044,True
dqn,23,154,89291,14.827878299623492,68.75213623046875,16.37065873827253,0.050000000000000044,True
dqn,23,155,89895,294.42923810348003,68.70626068115234,16.513225580682818,0.050000000000000044,True
dqn,23,156,90074,22.897914492480552,68.66822052001953,16.131600670308373,0.050000000000000044,True
dqn,23,157,90316,76.27879325440256,68.6954116821289,16.889985583045267,0.050000000000000044,True
dqn,23,158,90811,238.09159683931225,68.21131134033203,17.314732501482723,0.050000000000000044,True
dqn,23,159,91239,12.30971457779998,67.73037719726562,17.10888341431306,0.050000000000000044,True
dqn,23,160,92039,180.12332548307637,68.2830581665039,17.610098741054536,0.050000000000000044,True
dqn,23,161,92239,-3.2397222013039055,67.6452407836914,17.832673649787903,0.050000000000000044,True
dqn,23,162,92354,11.805543815082729,67.41497039794922,17.60307559137759,0.050000000000000044,True
dqn,23,163,92506,15.647099740946445,67.46424865722656,17.14856355441244,0.050000000000000044,True
dqn,23,164,92657,-36.35554177353983,67.84078216552734,18.182185122508876,0.050000000000000044,True
dqn,23,165,92805,11.966233438955115,67.37071990966797,17.576175019547748,0.050000000000000044,True
dqn,23,166,92930,4.030181131999626,67.94068145751953,18.495893447875975,0.050000000000000044,True
dqn,23,167,93034,-63.28996606117492,67.41427612304688,18.76542471922361,0.050000000000000044,True
dqn,23,168,93136,2.0027362227168197,67.5873031616211,19.27379747465545,0.050000000000000044,True
dqn,23,169,93240,-6.366264887441645,68.1505355834961,19.453686081446133,0.050000000000000044,True
dqn,23,170,93352,-9.443705038569405,67.3434066772461,19.974085007395065,0.050000000000000044,True
dqn,23,171,93476,13.216716133952332,67.23889923095703,19.597151733213856,0.050000000000000044,True
dqn,23,172,93624,-58.20281506518414,67.90458679199219,20.20291502411301,0.050000000000000044,True
dqn,23,173,93726,30.991557347944223,67.96883392333984,20.102330263923196,0.050000000000000044,True
dqn,23,174,93837,18.83601193444646,67.4773941040039,21.219229552122922,0.050000000000000044,True
dqn,23,175,93968,3.2082368483877133,67.59147644042969,20.212085090520727,0.050000000000000044,True
dqn,23,176,94119,16.176907009951393,67.56585693359375,20.979437505962043,0.050000000000000044,True
dqn,23,177,94231,-13.42890196106626,67.81724548339844,20.990702910082682,0.050000000000000044,True
dqn,23,178,94333,-61.32755859921453,67.83096313476562,21.326714431538303,0.050000000000000044,True
dqn,23,179,94445,-84.63659253879791,68.34196472167969,21.853977254458837,0.050000000000000044,True
dqn,23,180,94554,-11.484122113498032,68.74357604980469,21.437567929609106,0.050000000000000044,True
dqn,23,181,94670,-172.1360090748164,68.2690200805664,22.512010796316737,0.050000000000000044,True
dqn,23,182,94782,-22.884947038980286,68.27155303955078,22.498625023024424,0.050000000000000044,True
dqn,23,183,95024,28.879207594920985,67.72225952148438,22.56633657266286,0.050000000000000044,True
dqn,23,184,95138,33.22557755176558,68.02188110351562,22.89832239820246,0.050000000000000044,True
dqn,23,185,95353,41.97626399194874,68.10614013671875,23.200420401817144,0.050000000000000044,True
dqn,23,186,95469,28.743911837032044,67.9947738647461,23.25453097244789,0.050000000000000044,True
dqn,23,187,95581,4.35272508835628,68.0808334350586,23.783957924161637,0.050000000000000044,True
dqn,23,188,95695,34.12809304729825,67.82244110107422,23.31733425039994,0.050000000000000044,True
dqn,23,189,95808,39.852781127788376,67.5705795288086,23.810466994226505,0.050000000000000044,True
dqn,23,190,95941,-32.617821909100755,67.8409652709961,23.371041835698865,0.050000000000000044,True
dqn,23,191,96320,280.13670361434936,68.18074798583984,24.346311559148702,0.050000000000000044,True
dqn,23,192,96483,18.684169427974197,68.06712341308594,24.81765245074875,0.050000000000000044,True
dqn,23,193,96658,14.238032982239389,68.95132446289062,24.845194838387627,0.050000000000000044,True
dqn,23,194,96785,-1.2901203557376704,68.78219604492188,25.26836330684151,0.050000000000000044,True
dqn,23,195,97015,38.91174570835631,68.6271743774414,25.92288164470507,0.050000000000000044,True
dqn,23,196,97153,9.808549791217104,68.22264862060547,25.868161747421045,0.050000000000000044,True
dqn,23,197,97282,-7.385545435239678,68.46439361572266,26.03095036883687,0.050000000000000044,True
dqn,23,198,97426,16.139638740571314,68.28588104248047,25.91882782512241,0.050000000000000044,True
dqn,23,199,97547,17.11605043141428,67.84165954589844,26.747378782792524,0.050000000000000044,True
dqn,23,200,97824,45.35797413879931,68.09607696533203,27.149561713318533,0.050000000000000044,True
dqn,23,201,97972,25.913556852248718,68.44217681884766,27.32447269800547,0.050000000000000044,True
dqn,23,202,98094,-149.2024271619906,67.53975677490234,27.715835993407204,0.050000000000000044,True
dqn,23,203,98290,28.240424873827408,68.22772216796875,27.767999162479324,0.050000000000000044,True
dqn,23,204,98431,12.803028673197417,68.26274108886719,27.766569962738252,0.050000000000000044,True
dqn,23,205,98589,-45.724840973332775,67.92707824707031,28.143954832342608,0.050000000000000044,True
dqn,23,206,98717,1.3805149576749045,67.69378662109375,28.97870998084545,0.050000000000000044,True
dqn,23,207,98837,9.285734796076952,67.79229736328125,28.861904700597126,0.050000000000000044,True
dqn,23,208,99010,-32.73747567382456,67.07068634033203,28.80497422521514,0.050000000000000044,True
dqn,23,209,99157,-151.02850131651644,67.55433654785156,29.32143803032077,0.050000000000000044,True
dqn,23,210,99287,-0.5443711563577267,67.84686279296875,29.42236328125,0.050000000000000044,True
dqn,23,211,99416,-2.9540722451175867,67.40010070800781,30.522294953812,0.050000000000000044,True
dqn,23,212,99539,-171.99191862706851,67.47020721435547,30.47137113121467,0.050000000000000044,True
dqn,23,213,99665,-33.99499610633194,67.64508819580078,30.96909777323405,0.050000000000000044,True
dqn,23,214,99823,-176.56609857739872,68.18949127197266,31.30227971378761,0.050000000000000044,True
dqn,23,215,99955,-26.34476409008886,67.81232452392578,31.182824553865373,0.050000000000000044,True
dqn,42,1,110,-131.42619954473327,0.8385599255561829,-0.19033464361378488,0.98955,True
dqn,42,2,200,-180.1379350881267,1.1976412534713745,-0.8535821048956779,0.981,True
dqn,42,3,299,-282.99198019408936,1.37483811378479,-1.4150072053977938,0.971595,True
dqn,42,4,393,-69.22681863412966,1.7912261486053467,-1.7045956498130839,0.962665,True
dqn,42,5,497,-70.96449386646334,1.5360798835754395,-1.2892473769159272,0.952785,True
dqn,42,6,636,-89.61186016134009,3.113476037979126,0.6052773547687119,0.93958,True
dqn,42,7,702,-87.22732353061221,3.052633762359619,0.690206863211863,0.93331,True
dqn,42,8,789,-17.114266088139473,2.8266305923461914,0.6854698380519604,0.925045,True
dqn,42,9,899,-163.95297170426105,2.836057662963867,0.8456174136562781,0.914595,True
dqn,42,10,1015,-237.83586841643583,4.112606048583984,0.9042023720926252,0.903575,True
dqn,42,11,1116,-375.1157456482703,3.93365478515625,1.805044664604829,0.89398,True
dqn,42,12,1191,-78.55522626511967,3.9469637870788574,1.218189469575882,0.886855,True
dqn,42,13,1270,-168.82959193016177,3.723757266998291,1.310855412785011,0.87935,True
dqn,42,14,1397,-75.78557937951706,3.8698835372924805,1.3771925643673093,0.8672850000000001,True
dqn,42,15,1465,-124.69375178581049,3.93400502204895,1.9534332682104671,0.860825,True
dqn,42,16,1562,0.467620941256925,4.874593734741211,2.3039175126048708,0.85161,True
dqn,42,17,1629,-69.1232933619979,4.948215484619141,2.628802296608242,0.845245,True
dqn,42,18,1715,-96.80014592957512,4.925902843475342,3.071680318477542,0.837075,True
dqn,42,19,1819,-174.3635953111604,5.097236156463623,3.019850412526956,0.827195,True
dqn,42,20,1919,-124.5250740839682,5.0694966316223145,2.557359214425087,0.8176950000000001,True
dqn,42,21,2049,-125.92138530964985,5.831246376037598,3.1354762375354768,0.805345,True
dqn,42,22,2154,-157.88305972039345,5.739898204803467,3.959995343287786,0.79537,True
dqn,42,23,2230,-78.82876004234647,5.900830268859863,4.1351792906460005,0.78815,True
dqn,42,24,2367,-133.4655804126001,5.894948959350586,3.7406036877719155,0.775135,True
dqn,42,25,2449,-98.05678443610587,5.7743916511535645,4.065975035836057,0.7673449999999999,True
dqn,42,26,2553,-57.82614159121829,6.965588569641113,4.871743534619991,0.757465,True
dqn,42,27,2684,-72.86299707373689,6.809503555297852,5.5849096957053845,0.74502,True
dqn,42,28,2839,-141.33311831955024,6.9405083656311035,5.440133071522559,0.730295,True
dqn,42,29,2926,-77.58557775295645,7.0149688720703125,5.55355113950269,0.72203,True
dqn,42,30,3024,-60.355664042246204,7.605133056640625,5.859185634827127,0.71272,True
dqn,42,31,3126,-68.90140180332614,8.013354301452637,7.100763865545685,0.70303,True
dqn,42,32,3232,-173.79683182761013,8.07747745513916,7.183286010094409,0.69296,True
dqn,42,33,3298,-62.21609438909546,7.808839321136475,7.047071895816109,0.68669,True
dqn,42,34,3378,-38.89351529167142,7.97764778137207,7.346106187999249,0.67909,True
dqn,42,35,3580,-286.2032278731257,8.840143203735352,7.220987697639088,0.6599,True
dqn,42,36,3724,-76.36312871692873,8.877264022827148,8.113771428664526,0.64622,True
dqn,42,37,3881,-104.01244786411036,8.986339569091797,7.8091456313042125,0.631305,True
dqn,42,38,4015,-82.04202487763565,10.173662185668945,7.365798042781317,0.618575,True
dqn,42,39,4176,-88.52511941040106,9.994331359863281,8.537345200591947,0.60328,True
dqn,42,40,4265,-98.00568964753197,9.819293022155762,8.81254542275761,0.594825,True
dqn,42,41,4435,-29.10060377022657,9.877774238586426,8.425445203921374,0.578675,True
dqn,42,42,4537,-21.6040672879367,11.013283729553223,9.115198018504124,0.5689850000000001,True
dqn,42,43,4610,-48.44960464925706,10.874510765075684,9.338504712875576,0.5620499999999999,True
dqn,42,44,4782,-7.281028622888243,10.7847900390625,9.790542472240537,0.54571,True
dqn,42,45,4931,-43.11131646870788,10.70962905883789,9.825145055783675,0.531555,True
dqn,42,46,5055,-95.87732559306173,11.88842487335205,10.15311299985455,0.5197750000000001,True
dqn,42,47,5293,-78.66470463914187,11.723444938659668,10.712947140220834,0.4971650000000001,True
dqn,42,48,5469,-144.09917925042257,11.631945610046387,10.644091734831983,0.480445,True
dqn,42,49,5914,-70.97847988251065,12.856237411499023,11.246074951900525,0.43816999999999995,True
dqn,42,50,6058,18.247462685666946,13.846839904785156,11.057554490036434,0.42449000000000003,True
dqn,42,51,6374,-233.4999079019262,13.929803848266602,11.594623807110365,0.3944700000000001,True
dqn,42,52,7264,-87.10522701777228,15.447261810302734,11.703803363274993,0.30992,True
dqn,42,53,8264,47.434887530510096,16.936058044433594,12.639470138549804,0.21492,True
dqn,42,54,9264,-31.520516814675325,18.685325622558594,13.533577699184418,0.11992000000000003,True
dqn,42,55,10264,-53.072654846476,19.851900100708008,14.069053643226624,0.050000000000000044,True
dqn,42,56,11264,4.312798917308187,20.383176803588867,14.579187645435333,0.050000000000000044,True
dqn,42,57,11579,-119.69584850002872,20.9671630859375,14.706844756716773,0.050000000000000044,True
dqn,42,58,12579,13.25647763731105,21.559057235717773,15.680766248703003,0.050000000000000044,True
dqn,42,59,13579,-4.849486278898178,22.346006393432617,16.2671210770607,0.050000000000000044,True
dqn,42,60,14067,-139.29981581507445,22.743322372436523,16.453745877156493,0.050000000000000044,True
dqn,42,61,14418,-100.26500052851513,22.616064071655273,16.984564327446485,0.050000000000000044,True
dqn,42,62,15418,-71.87033940646965,23.86990737915039,17.728476338863373,0.050000000000000044,True
dqn,42,63,16418,-68.91899373354018,24.564857482910156,17.879129693508148,0.050000000000000044,True
dqn,42,64,17269,-225.11285519023045,25.569929122924805,18.248287045157195,0.050000000000000044,True
dqn,42,65,18269,-18.46485946543873,26.47820281982422,18.44064154624939,0.050000000000000044,True
dqn,42,66,19269,24.672464929003908,28.057424545288086,18.68832701563835,0.050000000000000044,True
dqn,42,67,20269,-48.06973222358776,28.705677032470703,19.06334783411026,0.050000000000000044,True
dqn,42,68,20436,-4.713372981068275,28.725784301757812,19.71231600481593,0.050000000000000044,True
dqn,42,69,21436,-46.99737513312149,30.70256996154785,20.042599104881287,0.050000000000000044,True
dqn,42,70,21872,248.42077118902486,31.702198028564453,20.883684768589266,0.050000000000000044,True
dqn,42,71,22872,-31.103706984558865,33.15754318237305,21.784784930229186,0.050000000000000044,True
dqn,42,72,23872,-40.4822298630527,34.3131103515625,22.311658925056456,0.050000000000000044,True
dqn,42,73,24872,-16.220684105399528,35.3515739440918,22.830128938674928,0.050000000000000044,True
dqn,42,74,25872,144.99432038944838,35.86894989013672,23.876511366844177,0.050000000000000044,True
dqn,42,75,26872,-26.59177818009679,38.52676773071289,25.03263798236847,0.050000000000000044,True
dqn,42,76,27872,-34.5879470043755,40.252471923828125,25.953267957687377,0.050000000000000044,True
dqn,42,77,28872,-15.072104697915496,42.488525390625,26.421538047790527,0.050000000000000044,True
dqn,42,78,29872,-6.032037835164817,44.040687561035156,26.585150994300843,0.050000000000000044,True
dqn,42,79,30872,2.3750606683605717,45.79304504394531,26.88315682697296,0.050000000000000044,True
dqn,42,80,31844,176.98985451113379,48.670372009277344,27.711691344225848,0.050000000000000044,True
dqn,42,81,32844,20.549391167373777,51.2099723815918,28.692823572158815,0.050000000000000044,True
dqn,42,82,33214,254.65869713177796,51.87868118286133,28.76125570761191,0.050000000000000044,True
dqn,42,83,34214,-16.60549856784459,51.71620559692383,29.35158920478821,0.050000000000000044,True
dqn,42,84,34559,248.74524180392567,53.15131378173828,28.91617073667222,0.050000000000000044,True
dqn,42,85,35459,140.125152215821,53.3479118347168,29.17894843949212,0.050000000000000044,True
dqn,42,86,36385,111.63508270867973,54.524078369140625,29.43861649618293,0.050000000000000044,True
dqn,42,87,37253,200.01854918132335,56.392784118652344,29.56847680109437,0.050000000000000044,True
dqn,42,88,38253,23.985514451493675,57.117576599121094,29.374739570617677,0.050000000000000044,True
dqn,42,89,39253,22.167960183674257,58.392005920410156,29.561731203079223,0.050000000000000044,True
dqn,42,90,40253,-8.481162872851948,59.7150764465332,29.699723735809325,0.050000000000000044,True
dqn,42,91,41247,242.3421757359751,60.81609344482422,30.01360160244303,0.050000000000000044,True
dqn,42,92,41464,40.57495771581296,60.8904914855957,30.306450079113656,0.050000000000000044,True
dqn,42,93,42218,238.20716598881998,62.38310623168945,30.908156536618343,0.050000000000000044,True
dqn,42,94,42347,30.766354551770235,62.570945739746094,30.58962405005167,0.050000000000000044,True
dqn,42,95,42478,19.60006121638351,61.755157470703125,30.785844351499136,0.050000000000000044,True
dqn,42,96,43478,135.09264918624302,64.57294464111328,31.762627004623415,0.050000000000000044,True
dqn,42,97,44213,215.6243424043691,65.28378295898438,32.73237503466963,0.050000000000000044,True
dqn,42,98,44335,38.50805764044159,64.77145385742188,32.65347820031838,0.050000000000000044,True
dqn,42,99,44475,38.88586099892345,64.27973937988281,32.85802867071969,0.050000000000000044,True
dqn,42,100,45031,245.82303458774635,64.82779693603516,33.22572228548338,0.050000000000000044,True
dqn,42,101,45361,-122.96355425430849,65.31800842285156,33.60540984760631,0.050000000000000044,True
dqn,42,102,45456,23.314675524138963,65.65480041503906,34.03890091745477,0.050000000000000044,True
dqn,42,103,45726,-191.26991285322433,65.8294906616211,33.93022761168303,0.050000000000000044,True
dqn,42,104,46293,268.83179389402073,67.55223083496094,34.15196031237405,0.050000000000000044,True
dqn,42,105,46644,-353.91631719000475,68.05587768554688,35.01654866210416,0.050000000000000044,True
dqn,42,106,46762,28.48906928305547,67.96162414550781,34.63647320310948,0.050000000000000044,True
dqn,42,107,46900,9.43251052837833,67.38887786865234,36.05354743072952,0.050000000000000044,True
dqn,42,108,47181,-284.41213604416845,68.76901245117188,35.32641338199059,0.050000000000000044,True
dqn,42,109,47635,246.0181393240817,69.75018310546875,36.235144673990256,0.050000000000000044,True
dqn,42,110,47795,61.61048497420313,69.25940704345703,35.936503899097445,0.050000000000000044,True
dqn,42,111,47913,41.52345197569713,69.52381896972656,36.304670333862305,0.050000000000000044,True
dqn,42,112,48462,224.38401742929955,68.94575500488281,36.282292656125485,0.050000000000000044,True
dqn,42,113,49145,268.129739783722,69.79930877685547,36.42902254744121,0.050000000000000044,True
dqn,42,114,49263,63.06072407469631,69.65420532226562,36.51079161692474,0.050000000000000044,True
dqn,42,115,50175,217.293191873445,69.45773315429688,36.59687758537761,0.050000000000000044,True
dqn,42,116,50507,231.9990172029761,70.05802917480469,35.99454450032797,0.050000000000000044,True
dqn,42,117,51507,111.50827713639487,70.7472915649414,35.67469724845886,0.050000000000000044,True
dqn,42,118,52507,117.24589508822937,70.76806640625,35.77183345794678,0.050000000000000044,True
dqn,42,119,53507,45.73711809739439,72.1548843383789,35.29819618415833,0.050000000000000044,True
dqn,42,120,54396,189.23315416459778,72.0128402709961,34.08274812344357,0.050000000000000044,True
dqn,42,121,55266,277.9656798042569,72.53071594238281,33.325743920775665,0.050000000000000044,True
dqn,42,122,55703,272.83972164725446,72.94718170166016,33.16006017986097,0.050000000000000044,True
dqn,42,123,56492,215.62694894360487,73.53927612304688,32.78381993108829,0.050000000000000044,True
dqn,42,124,57423,123.7633877156883,73.89563751220703,32.10399441252974,0.050000000000000044,True
dqn,42,125,58423,89.37336891708917,73.8307113647461,31.204092624664305,0.050000000000000044,True
dqn,42,126,58756,293.89482459991467,74.78901672363281,31.272361990209813,0.050000000000000044,True
dqn,42,127,59545,274.35197919882796,75.18866729736328,31.704507697217817,0.050000000000000044,True
dqn,42,128,60465,267.21751905646886,75.35975646972656,31.421305828509123,0.050000000000000044,True
dqn,42,129,60825,266.9129496387054,75.13005065917969,31.68133940696716,0.050000000000000044,True
dqn,42,130,61825,1.5407591447161018,74.33004760742188,31.39697253227234,0.050000000000000044,True
dqn,42,131,62825,33.75441649877747,75.01904296875,30.9786529006958,0.050000000000000044,True
dqn,42,132,63646,240.30884906099305,75.93827056884766,30.717969325224754,0.050000000000000044,True
dqn,42,133,63965,265.46904877402903,75.7055435180664,31.011669338310025,0.050000000000000044,True
dqn,42,134,64965,-8.24178707624421,76.32459259033203,31.422838275909424,0.050000000000000044,True
dqn,42,135,65824,167.2594561494629,75.66048431396484,30.748610790727856,0.050000000000000044,True
dqn,42,136,66515,197.53397103989616,76.70954132080078,30.69789694635637,0.050000000000000044,True
dqn,42,137,67028,272.2094252264129,75.84070587158203,30.97579446312977,0.050000000000000044,True
dqn,42,138,68028,-66.46527196672331,75.86003112792969,31.170132318496705,0.050000000000000044,True
dqn,42,139,69028,-9.1002203610395,75.41275024414062,30.800904975891115,0.050000000000000044,True
dqn,42,140,69975,157.28708073267399,74.89974212646484,30.64325761039758,0.050000000000000044,True
dqn,42,141,70372,-56.366701131371514,75.27511596679688,30.885307004529825,0.050000000000000044,True
dqn,42,142,70529,-156.44920993441298,74.89848327636719,30.952617766750844,0.050000000000000044,True
dqn,42,143,70644,-220.42913494369378,74.9157943725586,31.10023176773735,0.050000000000000044,True
dqn,42,144,70901,-23.074446486989473,75.09048461914062,30.562509299252284,0.050000000000000044,True
dqn,42,145,71901,-17.297137829106884,74.8062744140625,30.839203088760375,0.050000000000000044,True
dqn,42,146,72901,45.53430253763395,74.958251953125,30.209929306030272,0.050000000000000044,True
dqn,42,147,73473,240.52639727212426,75.39117431640625,29.790830778908898,0.050000000000000044,True
dqn,42,148,74473,152.756846657027,75.7540054321289,29.91909990501404,0.050000000000000044,True
dqn,42,149,74885,257.9380801188323,76.09131622314453,29.967530134812144,0.050000000000000044,True
dqn,42,150,75126,57.87485216744298,75.57792663574219,30.33182099844905,0.050000000000000044,True
dqn,42,151,75451,232.25959632178638,76.61532592773438,29.984929369412935,0.050000000000000044,True
dqn,42,152,75981,263.9964958636047,75.94989013671875,29.786005714704405,0.050000000000000044,True
dqn,42,153,76453,258.26566168811235,76.09310913085938,30.002298690504947,0.050000000000000044,True
dqn,42,154,76899,212.93463174897843,76.063720703125,29.99064569516032,0.050000000000000044,True
dqn,42,155,77374,233.72434785947786,75.6736831665039,30.478202458431845,0.050000000000000044,True
dqn,42,156,77778,291.1415737169963,76.1823959350586,30.349319547709854,0.050000000000000044,True
dqn,42,157,78400,280.9508161624483,76.32415771484375,30.95501445574009,0.050000000000000044,True
dqn,42,158,78473,-73.63910783471727,76.60223388671875,31.105139013839093,0.050000000000000044,True
dqn,42,159,78875,274.2892852029171,76.33838653564453,30.267541595952427,0.050000000000000044,True
dqn,42,160,79548,297.00259606034535,77.7707748413086,31.049693463284406,0.050000000000000044,True
dqn,42,161,79917,245.07147828894054,77.42263793945312,31.152512036041838,0.050000000000000044,True
dqn,42,162,80289,242.41906255030298,76.31465148925781,31.200338050883303,0.050000000000000044,True
dqn,42,163,80395,-22.734126755375357,77.27967071533203,30.78605014873001,0.050000000000000044,True
dqn,42,164,81067,249.00765424718028,76.27046203613281,31.780776807240077,0.050000000000000044,True
dqn,42,165,81427,239.88779358800633,76.92435455322266,31.118227831522624,0.050000000000000044,True
dqn,42,166,81805,249.9961713559026,77.3652114868164,31.85051944773033,0.050000000000000044,True
dqn,42,167,82260,277.90625551417963,75.8930892944336,31.55601140116597,0.050000000000000044,True
dqn,42,168,83260,161.30635262138853,76.14349365234375,31.998330196380614,0.050000000000000044,True
dqn,42,169,83577,254.01737952091173,75.57345581054688,31.66385627168962,0.050000000000000044,True
dqn,42,170,83936,255.02846424787901,76.72731018066406,31.549698683544786,0.050000000000000044,True
dqn,42,171,84119,-391.977153389594,75.21814727783203,33.11632867198173,0.050000000000000044,True
dqn,42,172,84606,263.0926059649477,75.88044738769531,32.02227805135676,0.050000000000000044,True
dqn,42,173,84776,57.438099665704186,76.1927261352539,32.31810482249541,0.050000000000000044,True
dqn,42,174,85344,237.96742369624042,75.3733901977539,32.454076253192525,0.050000000000000044,True
dqn,42,175,85630,272.7734664559662,75.50431060791016,32.725094635169825,0.050000000000000044,True
dqn,42,176,85947,231.52535991737014,75.85506439208984,32.72337246843693,0.050000000000000044,True
dqn,42,177,86442,220.51809669659536,76.50212097167969,32.835632671009414,0.050000000000000044,True
dqn,42,178,87265,265.9818298088047,76.69223022460938,33.633924233956876,0.050000000000000044,True
dqn,42,179,87502,250.11942635118663,75.91088104248047,33.811837280852885,0.050000000000000044,True
dqn,42,180,88287,244.34976859846293,76.5019760131836,33.30120566058311,0.050000000000000044,True
dqn,42,181,89287,83.9046972530085,76.62812805175781,34.20129253196716,0.050000000000000044,True
dqn,42,182,89638,284.3788731653506,76.84843444824219,35.00739821952972,0.050000000000000044,True
dqn,42,183,90638,-82.16856977292562,77.04574584960938,35.48814421081543,0.050000000000000044,True
dqn,42,184,90712,-1.178582934779243,77.2188491821289,35.588571368037044,0.050000000000000044,True
dqn,42,185,91712,85.57418055524863,77.32595825195312,35.68040989875794,0.050000000000000044,True
dqn,42,186,91934,26.212998756222348,77.32221984863281,35.581971555142786,0.050000000000000044,True
dqn,42,187,92934,-18.298645121769393,76.03651428222656,35.17642339706421,0.050000000000000044,True
dqn,42,188,93090,17.238108877314374,76.5774917602539,34.78208484405126,0.050000000000000044,True
dqn,42,189,93239,42.32549086594864,76.43867492675781,35.554464826647866,0.050000000000000044,True
dqn,42,190,93338,30.21903084678138,76.1609115600586,35.388149685329864,0.050000000000000044,True
dqn,42,191,93860,189.2819334788104,75.8232192993164,35.33574816824376,0.050000000000000044,True
dqn,42,192,94368,248.65530704742724,75.99330139160156,35.798794494839164,0.050000000000000044,True
dqn,42,193,94579,209.9744778718707,76.34143829345703,36.14219175582814,0.050000000000000044,True
dqn,42,194,94801,244.05771290641448,76.23052978515625,35.8559681488587,0.050000000000000044,True
dqn,42,195,94945,-1.6127047346614916,76.40750122070312,36.07279725869497,0.050000000000000044,True
dqn,42,196,95360,252.54332506690815,76.13544464111328,35.99086627270802,0.050000000000000044,True
dqn,42,197,95459,-0.5141453210700178,75.04193115234375,36.02423018638534,0.050000000000000044,True
dqn,42,198,95601,-622.4293280629578,75.98999786376953,36.90914371651663,0.050000000000000044,True
dqn,42,199,95720,-64.99759267160695,75.98925018310547,37.063095317167395,0.050000000000000044,True
dqn,42,200,95843,-26.35598333439006,76.27983093261719,37.51314938552981,0.050000000000000044,True
dqn,42,201,95974,-71.4048794299478,75.68452453613281,37.33594202813301,0.050000000000000044,True
dqn,42,202,96974,112.73680554401517,76.3105239868164,37.36088129043579,0.050000000000000044,True
dqn,42,203,97109,-148.24397327364528,76.80750274658203,37.51851617318613,0.050000000000000044,True
dqn,42,204,97194,17.52807510435757,76.76318359375,37.710169309728286,0.050000000000000044,True
dqn,42,205,97428,248.9747061858117,76.29961395263672,37.1488770052918,0.050000000000000044,True
dqn,42,206,98367,202.36764103507588,77.3687973022461,37.505780698392336,0.050000000000000044,True
dqn,42,207,98454,-205.18786889157693,77.11018371582031,38.015640499948084,0.050000000000000044,True
dqn,42,208,98668,258.12831551139413,77.26038360595703,37.65559430879967,0.050000000000000044,True
dqn,42,209,98763,-41.50863478937167,76.84001159667969,37.5448608599211,0.050000000000000044,True
dqn,42,210,98863,-603.5306137019056,77.40552520751953,37.8493685913086,0.050000000000000044,True
dqn,42,211,99020,-125.67617204402839,77.1344223022461,38.25175938940352,0.050000000000000044,True
dqn,42,212,99148,-66.08754748566103,76.84276580810547,38.73877587914467,0.050000000000000044,True
dqn,42,213,99252,-563.0280384576415,77.85413360595703,39.84310348217304,0.050000000000000044,True
dqn,42,214,99375,-46.56041267378959,76.73307800292969,41.38814896684352,0.050000000000000044,True
dqn,42,215,99499,-113.16103312038341,76.92520904541016,40.05933918491487,0.050000000000000044,True
dqn,42,216,99581,-43.287346838213864,77.6634750366211,39.33827658397396,0.050000000000000044,True
dqn,42,217,99694,-47.496639099975056,77.10724639892578,40.27573737422977,0.050000000000000044,True
double_dqn,17,1,111,-225.8360757836818,0.18654395639896393,-1.3413855135440826,0.989455,True
double_dqn,17,2,174,-49.96164925261624,0.1719728708267212,-1.7276671118442974,0.98347,True
double_dqn,17,3,263,-141.1523039608701,0.2205922156572342,-1.4834345950839225,0.975015,True
double_dqn,17,4,356,-182.24021840724726,0.14637474715709686,-1.4000711776716734,0.96618,True
double_dqn,17,5,477,-9.046249621881245,0.23539061844348907,-1.3856645850849545,0.954685,True
double_dqn,17,6,577,-353.7873246886379,0.6927117705345154,-0.38178603738546374,0.945185,True
double_dqn,17,7,683,-93.09235191415388,0.26352760195732117,-0.5390629917207472,0.935115,True
double_dqn,17,8,766,-314.05385821711957,0.27836838364601135,-0.3141731813280697,0.92723,True
double_dqn,17,9,866,-155.0295471905473,0.22274760901927948,-0.9315736299753189,0.91773,True
double_dqn,17,10,957,-155.7360862392291,0.46160274744033813,-0.8317573718153514,0.909085,True
double_dqn,17,11,1080,-418.1154034835044,0.8935235738754272,-0.3571421009738271,0.8974,True
double_dqn,17,12,1184,-161.03723862035974,1.1655709743499756,-0.4437997223666081,0.88752,True
double_dqn,17,13,1247,-94.59642221892403,1.0932629108428955,-0.4244046723322263,0.881535,True
double_dqn,17,14,1369,18.680286507730088,1.2386126518249512,-0.17690899162018886,0.869945,True
double_dqn,17,15,1461,-132.1890761906917,1.2467914819717407,0.005746524780988693,0.861205,True
double_dqn,17,16,1557,-108.09942990478517,1.9052008390426636,0.35795555310323834,0.852085,True
double_dqn,17,17,1689,-105.43178407305302,1.9892345666885376,1.0327658445546122,0.839545,True
double_dqn,17,18,1802,-36.62434087933559,2.1044814586639404,0.9412402927348044,0.82881,True
double_dqn,17,19,1917,-189.8509508229149,2.310940742492676,1.0054588696231013,0.817885,True
double_dqn,17,20,1996,-101.69784962769661,1.9550479650497437,0.6749075326738478,0.81038,True
double_dqn,17,21,2092,-107.5885106479381,2.939213752746582,1.4825749897087614,0.80126,True
double_dqn,17,22,2182,-83.88835044154004,2.9521987438201904,1.9801091068320804,0.79271,True
double_dqn,17,23,2306,-197.3260431705669,2.7664635181427,2.2050119842733107,0.78093,True
double_dqn,17,24,2443,-116.78066081021838,3.0425362586975098,1.8855691967654402,0.767915,True
double_dqn,17,25,2521,-84.21502264831777,4.2001190185546875,2.2667036751906076,0.760505,True
double_dqn,17,26,2585,-102.19639615119527,3.9174001216888428,2.820449449121952,0.754425,True
double_dqn,17,27,2657,-3.2465659212436435,4.2629008293151855,2.790608757072025,0.7475849999999999,True
double_dqn,17,28,2780,-78.33177203907685,4.067795753479004,2.9175986100018507,0.7359,True
double_dqn,17,29,2887,-65.48177038458113,4.247117042541504,2.9898881828673534,0.725735,True
double_dqn,17,30,3010,-86.9515054003448,4.805027008056641,2.9998291544313354,0.7140500000000001,True
double_dqn,17,31,3185,-51.263148468276455,5.188600063323975,3.8144112196138926,0.697425,True
double_dqn,17,32,3285,-64.06412008589521,5.1844258308410645,3.858175720870495,0.687925,True
double_dqn,17,33,3390,-89.22081693378735,5.3403401374816895,4.3230848323731195,0.67795,True
double_dqn,17,34,3729,-57.249919076907304,6.573713302612305,4.658947523782211,0.645745,True
double_dqn,17,35,3847,-116.60753289154775,6.387688159942627,4.886451029171378,0.6345350000000001,True
double_dqn,17,36,3976,-96.34015890723795,6.343448638916016,4.572532983713372,0.6222799999999999,True
double_dqn,17,37,4094,-91.62339400695598,7.488951206207275,5.65910932270147,0.61107,True
double_dqn,17,38,4216,-43.06299936044469,7.292156219482422,5.589769510704963,0.59948,True
double_dqn,17,39,4295,-72.48509977824065,7.539910793304443,6.126460994346233,0.591975,True
double_dqn,17,40,4625,-92.3001363837331,8.707388877868652,6.005677478602438,0.5606249999999999,True
double_dqn,17,41,4734,-46.84437907459691,8.651432991027832,6.847868424489958,0.55027,True
double_dqn,17,42,4874,-19.43908972414266,8.754777908325195,6.768588677474431,0.53697,True
double_dqn,17,43,5034,67.28340383676371,9.685248374938965,7.103329517319798,0.5217700000000001,True
double_dqn,17,44,5230,-15.921277914498532,10.1519136428833,7.867758359836072,0.50315,True
double_dqn,17,45,5344,-5.761226670710258,10.095523834228516,8.188183428948385,0.4923200000000001,True
double_dqn,17,46,5706,-57.640080826737254,11.037659645080566,9.02578964483672,0.45793000000000006,True
double_dqn,17,47,5842,-56.43029683176189,10.990581512451172,9.850595214349383,0.44501,True
double_dqn,17,48,6842,-68.16769639602074,12.748469352722168,10.644971557378769,0.35001000000000004,True
double_dqn,17,49,7842,-99.66362870246252,14.901017189025879,12.741176733255386,0.25501000000000007,True
double_dqn,17,50,8842,-65.98136776257843,16.43364906311035,13.448088886260987,0.1600100000000001,True
double_dqn,17,51,9691,-270.15373502163925,18.062217712402344,13.936755307852449,0.07935500000000006,True
double_dqn,17,52,10242,-265.8195934867813,18.863828659057617,14.412683601171699,0.050000000000000044,True
double_dqn,17,53,10522,-86.4826046504002,19.286483764648438,14.26596359525408,0.050000000000000044,True
double_dqn,17,54,10700,-88.77263260219493,19.577970504760742,15.317955169784888,0.050000000000000044,True
double_dqn,17,55,10901,-79.05113224450764,19.71837615966797,15.120555489810545,0.050000000000000044,True
double_dqn,17,56,11901,-114.9078304213293,19.8855037689209,15.42085879635811,0.050000000000000044,True
double_dqn,17,57,12033,-98.73280885083072,20.62607192993164,15.33050873785308,0.050000000000000044,True
double_dqn,17,58,12214,-124.0011813425822,20.428056716918945,15.842112646577108,0.050000000000000044,True
double_dqn,17,59,13214,-63.16122578261075,21.330583572387695,15.773670699357986,0.050000000000000044,True
double_dqn,17,60,13442,-109.00128565108842,21.356361389160156,16.110025759328877,0.050000000000000044,True
double_dqn,17,61,13623,-131.23255798593374,21.358924865722656,15.681885034339862,0.050000000000000044,True
double_dqn,17,62,14623,-45.024597007745825,22.753158569335938,16.816921441793443,0.050000000000000044,True
double_dqn,17,63,15623,-86.16640987235215,23.572364807128906,18.096700711250307,0.050000000000000044,True
double_dqn,17,64,16623,-30.551074761290092,24.44461441040039,18.4766023273468,0.050000000000000044,True
double_dqn,17,65,17623,-25.878870172814224,25.548965454101562,18.91983035326004,0.050000000000000044,True
double_dqn,17,66,18623,-42.80472014268257,26.354745864868164,19.723825078487398,0.050000000000000044,True
double_dqn,17,67,19623,-54.051589948532936,27.575288772583008,19.917644991397857,0.050000000000000044,True
double_dqn,17,68,20623,-56.62941816811634,28.15713119506836,20.573047166347504,0.050000000000000044,True
double_dqn,17,69,21623,-22.273495642120764,29.25176429748535,21.015192163705827,0.050000000000000044,True
double_dqn,17,70,22623,-17.588527104899953,30.786542892456055,22.015940414905547,0.050000000000000044,True
double_dqn,17,71,23623,-60.318220212911356,32.040863037109375,22.899616718769074,0.050000000000000044,True
double_dqn,17,72,24623,-64.17612397792699,32.92848587036133,23.49811559009552,0.050000000000000044,True
double_dqn,17,73,25623,-10.598656567514839,33.461055755615234,23.81904008388519,0.050000000000000044,True
double_dqn,17,74,26623,-10.733629967074492,34.558563232421875,23.995717975616454,0.050000000000000044,True
double_dqn,17,75,27623,-65.51830818392297,36.053993225097656,23.795354761123658,0.050000000000000044,True
double_dqn,17,76,28623,-13.595651159523456,37.852203369140625,24.423501704216005,0.050000000000000044,True
double_dqn,17,77,29623,-43.704887615018066,38.879573822021484,25.277611251831054,0.050000000000000044,True
double_dqn,17,78,30623,6.907945969141322,40.495147705078125,26.232421840667726,0.050000000000000044,True
double_dqn,17,79,31623,-63.41186345237509,42.474124908447266,26.04710217809677,0.050000000000000044,True
double_dqn,17,80,31764,-2.105863015600022,42.859676361083984,26.45993775171591,0.050000000000000044,True
double_dqn,17,81,32764,-115.33697762088539,44.09718322753906,27.29609779024124,0.050000000000000044,True
double_dqn,17,82,33764,-24.552431788237115,46.354190826416016,28.458270073890684,0.050000000000000044,True
double_dqn,17,83,34764,-56.04691012440695,48.252960205078125,29.708432874679566,0.050000000000000044,True
double_dqn,17,84,35764,-100.88748451091449,49.5390739440918,30.411619975090026,0.050000000000000044,True
double_dqn,17,85,36764,-73.0800676485984,50.315773010253906,30.557029415130614,0.050000000000000044,True
double_dqn,17,86,37764,-4.226907955028075,51.98835372924805,30.698649039268492,0.050000000000000044,True
double_dqn,17,87,38481,-369.30790242365896,53.13614273071289,32.00650783097229,0.050000000000000044,True
double_dqn,17,88,39481,-94.1497083225666,54.70689392089844,32.369215116500854,0.050000000000000044,True
double_dqn,17,89,40197,-29.980647866123434,55.90934753417969,33.15931814342904,0.050000000000000044,True
double_dqn,17,90,41197,-40.42823747917301,58.109004974365234,34.30651992797851,0.050000000000000044,True
double_dqn,17,91,42197,-36.430288978648214,59.323787689208984,34.79204615974426,0.050000000000000044,True
double_dqn,17,92,42335,11.418766941356012,59.09830093383789,35.33496131067691,0.050000000000000044,True
double_dqn,17,93,43335,-49.46364149283693,60.466758728027344,35.47864403152466,0.050000000000000044,True
double_dqn,17,94,44335,-42.938436801883086,61.38136291503906,35.414203117370604,0.050000000000000044,True
double_dqn,17,95,45335,-28.17661917046939,62.202484130859375,35.232171821594235,0.050000000000000044,True
double_dqn,17,96,46335,-24.93650366158088,63.4431266784668,35.197853700637815,0.050000000000000044,True
double_dqn,17,97,47335,-30.75004659290965,65.92915344238281,35.52163025569916,0.050000000000000044,True
double_dqn,17,98,48335,-29.285283015279564,65.61125183105469,35.102332918167114,0.050000000000000044,True
double_dqn,17,99,49335,-0.8993474954458085,66.46658325195312,34.90946361923218,0.050000000000000044,True
double_dqn,17,100,50335,5.389167923347306,66.76439666748047,35.24906486606598,0.050000000000000044,True
double_dqn,17,101,51335,-40.914157680534984,67.51803588867188,34.80883446121216,0.050000000000000044,True
double_dqn,17,102,52335,-23.61580864724566,68.13249969482422,34.265401523590086,0.050000000000000044,True
double_dqn,17,103,53335,0.20056554600486393,68.6618881225586,33.294440044403075,0.050000000000000044,True
double_dqn,17,104,54335,3.8378403731017583,67.3897933959961,32.466510101318356,0.050000000000000044,True
double_dqn,17,105,55335,18.43109919983481,68.11724090576172,31.47573441696167,0.050000000000000044,True
double_dqn,17,106,56335,-43.169052149008174,68.93299102783203,30.542225622177124,0.050000000000000044,True
double_dqn,17,107,57335,-25.840424988905657,69.72459411621094,30.101081104278563,0.050000000000000044,True
double_dqn,17,108,58335,4.162391430884931,68.8346176147461,29.658495706558227,0.050000000000000044,True
double_dqn,17,109,59335,-19.21691608599744,69.78154754638672,29.310400609970092,0.050000000000000044,True
double_dqn,17,110,60335,-62.28118625376433,69.67635345458984,28.78344951248169,0.050000000000000044,True
double_dqn,17,111,61335,-8.46644794923384,68.72675323486328,27.87271976661682,0.050000000000000044,True
double_dqn,17,112,62335,-63.881836393615416,69.25527954101562,27.02051449394226,0.050000000000000044,True
double_dqn,17,113,63335,-57.0534366594961,69.3658218383789,26.263390270233153,0.050000000000000044,True
double_dqn,17,114,64335,-70.96376328515765,69.42919158935547,25.986838307380676,0.050000000000000044,True
double_dqn,17,115,65335,-126.05116567308045,69.35193634033203,25.775934165954588,0.050000000000000044,True
double_dqn,17,116,66335,-34.356699511626836,70.05485534667969,26.285235746383666,0.050000000000000044,True
double_dqn,17,117,67335,-14.247274457443297,70.3824234008789,26.970418729782104,0.050000000000000044,True
double_dqn,17,118,67713,-82.64808911802962,71.05550384521484,27.76461041667474,0.050000000000000044,True
double_dqn,17,119,68713,-59.116849891719895,72.6388931274414,28.09274614715576,0.050000000000000044,True
double_dqn,17,120,69713,-70.80683884433994,71.85465240478516,28.978797950744628,0.050000000000000044,True
double_dqn,17,121,69828,-12.188534207391655,72.20291900634766,29.128251929905105,0.050000000000000044,True
double_dqn,17,122,70828,-88.02522267444836,71.99112701416016,29.841972993850707,0.050000000000000044,True
double_dqn,17,123,71828,-116.8079016938846,72.46395874023438,30.592423009872437,0.050000000000000044,True
double_dqn,17,124,72737,18.791135642093536,73.09123992919922,31.062251887305734,0.050000000000000044,True
double_dqn,17,125,73108,-65.14759889698091,73.0268325805664,30.82201461072238,0.050000000000000044,True
double_dqn,17,126,73617,-144.68188601391384,72.75868225097656,31.31703996564644,0.050000000000000044,True
double_dqn,17,127,74617,-98.06241719487309,73.23332214355469,32.19601475715637,0.050000000000000044,True
double_dqn,17,128,75617,-104.80188607589407,73.27709197998047,32.537538492202756,0.050000000000000044,True
double_dqn,17,129,76617,-52.9865344249183,74.51499938964844,33.02839491081238,0.050000000000000044,True
double_dqn,17,130,76681,-105.8843526228507,74.36894226074219,33.330078423023224,0.050000000000000044,True
double_dqn,17,131,76858,-154.49298564988044,73.42516326904297,33.35819760554254,0.050000000000000044,True
double_dqn,17,132,77084,311.88134919560844,73.65792083740234,33.87131551725675,0.050000000000000044,True
double_dqn,17,133,77746,161.2375428068494,73.1019515991211,33.36110569703255,0.050000000000000044,True
double_dqn,17,134,78746,-87.3304185650981,73.65206909179688,33.38311030006409,0.050000000000000044,True
double_dqn,17,135,79746,-90.54265734723634,73.7713851928711,33.30955223083496,0.050000000000000044,True
double_dqn,17,136,80547,-161.12980014526994,73.30950164794922,33.23352160554998,0.050000000000000044,True
double_dqn,17,137,81522,-213.31172721116423,73.38533020019531,33.67773209987543,0.050000000000000044,True
double_dqn,17,138,82374,-194.6774333493576,73.47360229492188,33.87419685399588,0.050000000000000044,True
double_dqn,17,139,83374,27.038610803079802,74.70833587646484,33.70479719734192,0.050000000000000044,True
double_dqn,17,140,84008,-162.07886627061046,73.4421615600586,33.452882829900794,0.050000000000000044,True
double_dqn,17,141,84782,-125.28421969723689,74.07072448730469,33.18708336260892,0.050000000000000044,True
double_dqn,17,142,85755,-157.65549655973453,73.20379638671875,32.93999456305666,0.050000000000000044,True
double_dqn,17,143,86183,-65.24990217269023,71.9780044555664,32.969189033330046,0.050000000000000044,True
double_dqn,17,144,87183,56.305825972701435,72.86074829101562,32.65916112327576,0.050000000000000044,True
double_dqn,17,145,87857,-131.83579870533816,72.5166244506836,32.563120386367025,0.050000000000000044,True
double_dqn,17,146,88429,215.56017078707686,72.30363464355469,32.26669345202146,0.050000000000000044,True
double_dqn,17,147,89047,-137.92803036155334,71.3060531616211,31.834230889008655,0.050000000000000044,True
double_dqn,17,148,89419,129.0975383176752,71.38024139404297,32.47166303409043,0.050000000000000044,True
double_dqn,17,149,89974,-151.47937423218218,71.69418334960938,31.942402398049296,0.050000000000000044,True
double_dqn,17,150,90396,-120.76263587070873,71.94688415527344,31.64560252908282,0.050000000000000044,True
double_dqn,17,151,91011,-125.29201050685371,71.81524658203125,31.667219103061086,0.050000000000000044,True
double_dqn,17,152,91634,-165.2477123720054,71.69047546386719,31.326003158838752,0.050000000000000044,True
double_dqn,17,153,92244,-177.9456990739038,72.61701202392578,31.27369418222396,0.050000000000000044,True
double_dqn,17,154,93244,-21.354112056831745,72.16458892822266,30.730250356674194,0.050000000000000044,True
double_dqn,17,155,93609,-167.7558820213195,72.3552017211914,30.58054053424156,0.050000000000000044,True
double_dqn,17,156,94609,-46.37383007445172,72.27435302734375,30.956158927917482,0.050000000000000044,True
double_dqn,17,157,95609,-33.14221107597519,71.40099334716797,30.49836689567566,0.050000000000000044,True
double_dqn,17,158,96225,-161.21840358217335,71.49142456054688,30.275593869097822,0.050000000000000044,True
double_dqn,17,159,97225,-59.224744702731755,71.95609283447266,30.23341620826721,0.050000000000000044,True
double_dqn,17,160,97807,-173.39395755785404,71.10934448242188,29.91911331648679,0.050000000000000044,True
double_dqn,17,161,97921,-30.443137340260733,71.69550323486328,30.276108407137688,0.050000000000000044,True
double_dqn,17,162,98921,26.886488220175547,72.60881042480469,30.006316701889038,0.050000000000000044,True
double_dqn,17,163,99921,-28.760885634339296,72.04788208007812,29.72612335205078,0.050000000000000044,True
double_dqn,23,1,89,-347.6415431026405,-0.7981008887290955,-2.5061769485473633,0.991545,True
double_dqn,23,2,162,-187.94696767483504,-1.205978512763977,-3.1670153777893275,0.98461,True
double_dqn,23,3,277,-105.46589581236074,-0.41359928250312805,-2.5720652917157047,0.973685,True
double_dqn,23,4,354,-114.17762247069727,-0.25993776321411133,-1.986101929243509,0.96637,True
double_dqn,23,5,419,-73.29887266197015,0.24608276784420013,-1.824649906387696,0.960195,True
double_dqn,23,6,534,-147.8668887327988,0.9620679616928101,-1.5052638476957445,0.9492700000000001,True
double_dqn,23,7,645,-73.59351266466984,1.0192785263061523,-0.8392629542195045,0.938725,True
double_dqn,23,8,718,-106.70657039609442,1.1149685382843018,-0.8431402409117515,0.93179,True
double_dqn,23,9,776,-163.48411737134865,0.9327894449234009,-0.5914525497576286,0.92628,True
double_dqn,23,10,911,-261.8202088108563,1.4034887552261353,-0.7191989320847724,0.913455,True
double_dqn,23,11,996,-117.72395277507671,1.423691987991333,-0.9420706471976112,0.90538,True
double_dqn,23,12,1074,-181.31283600057665,2.161118984222412,-0.2687822929941691,0.89797,True
double_dqn,23,13,1194,-26.34884602514623,2.7252357006073,-0.22742058672010898,0.88657,True
double_dqn,23,14,1363,-86.26909562524324,2.392134428024292,-0.45790881319687915,0.870515,True
double_dqn,23,15,1445,-87.36431229658808,2.459721565246582,-0.36561518980235586,0.862725,True
double_dqn,23,16,1515,-33.6105840790774,3.114377975463867,0.28449139169284277,0.856075,True
double_dqn,23,17,1628,-111.49518850827509,3.5929958820343018,0.9820271041409104,0.84534,True
double_dqn,23,18,1717,-187.6024656904359,3.8625829219818115,0.8306197036434425,0.836885,True
double_dqn,23,19,1790,-74.04180065082255,3.6524264812469482,0.30671953328260004,0.82995,True
double_dqn,23,20,1894,-31.17152811594775,3.775150775909424,0.700834430467624,0.82007,True
double_dqn,23,21,1979,-88.84281941971332,3.8310489654541016,0.8628231451791876,0.811995,True
double_dqn,23,22,2111,-63.58476703690729,4.759041786193848,1.883170112741716,0.799455,True
double_dqn,23,23,2256,-138.5582744373173,4.993654727935791,2.3824789417201075,0.78568,True
double_dqn,23,24,2350,-62.25055381089129,4.7709784507751465,2.314757788751988,0.77675,True
double_dqn,23,25,2414,-92.66135536786814,5.029748439788818,2.135055946186185,0.77067,True
double_dqn,23,26,2524,-104.230234094655,5.725006103515625,2.751693567904559,0.76022,True
double_dqn,23,27,2613,-148.39326887182236,6.208000659942627,3.2952793793062147,0.751765,True
double_dqn,23,28,2734,-164.90404825212258,6.090524673461914,3.6587765711890765,0.74027,True
double_dqn,23,29,2827,5.1763011848186125,5.99625301361084,3.7706328011969084,0.7314350000000001,True
double_dqn,23,30,2917,-85.10110651911451,6.169926643371582,4.062552154726452,0.722885,True
double_dqn,23,31,3135,-75.73319416835024,7.145309925079346,4.751300790987977,0.702175,True
double_dqn,23,32,3226,-68.96571655261025,7.510792255401611,4.627776960095207,0.69353,True
double_dqn,23,33,3409,-38.7109649769658,7.513552665710449,4.946394986142226,0.676145,True
double_dqn,23,34,3505,-71.62029352676976,9.02082633972168,4.999796203027169,0.667025,True
double_dqn,23,35,3640,-42.05846265554014,8.965516090393066,5.684535926359671,0.6542,True
double_dqn,23,36,3722,-42.22804562524399,8.690155982971191,5.9924063471759235,0.64641,True
double_dqn,23,37,3882,-184.44403831608656,8.858573913574219,6.453286712616682,0.63121,True
double_dqn,23,38,4002,-72.59920708844089,9.326635360717773,5.537402481834094,0.61981,True
double_dqn,23,39,4101,-57.98657369201369,10.157301902770996,6.931712998284234,0.610405,True
double_dqn,23,40,4198,-45.507872191001766,10.284000396728516,7.141260349873415,0.60119,True
double_dqn,23,41,4311,-19.31072434356321,10.432234764099121,7.071607793326926,0.590455,True
double_dqn,23,42,4488,-2.400279501869278,10.29727554321289,6.81279537637355,0.57364,True
double_dqn,23,43,4577,-106.37218316499,11.267587661743164,8.22780094253883,0.565185,True
double_dqn,23,44,4739,-35.43358139666252,11.483809471130371,8.302089290118511,0.549795,True
double_dqn,23,45,4925,-19.52062688237166,11.250079154968262,8.29667781758052,0.532125,True
double_dqn,23,46,5110,6.42758003003668,12.842696189880371,9.164596274414578,0.5145500000000001,True
double_dqn,23,47,5305,5.325332431810068,13.02112102508545,9.290125278937511,0.49602500000000005,True
double_dqn,23,48,5401,-29.889711534627935,12.709210395812988,9.4364033639431,0.48690500000000003,True
double_dqn,23,49,5599,11.558952693600475,13.926807403564453,9.491126627633065,0.46809500000000004,True
double_dqn,23,50,5736,-15.359866484157735,14.040876388549805,9.540847900140024,0.45508000000000004,True
double_dqn,23,51,5934,0.37498051718418424,13.850859642028809,9.671754151883752,0.43626999999999994,True
double_dqn,23,52,6151,27.838644769932927,15.128644943237305,10.619315310007966,0.415655,True
double_dqn,23,53,6260,1.914403815815291,15.071002960205078,10.817139435251919,0.4053,True
double_dqn,23,54,7260,28.685673007048134,17.31523895263672,11.10787801027298,0.3103,True
double_dqn,23,55,8260,20.670724401440033,19.112062454223633,11.504286272048951,0.21530000000000005,True
double_dqn,23,56,9260,-111.99918489244916,20.180994033813477,12.091164142131806,0.12029999999999996,True
double_dqn,23,57,10260,-91.29756448585005,21.318689346313477,12.792883348703384,0.050000000000000044,True
double_dqn,23,58,11260,-62.35027188500621,21.718095779418945,12.914616789340974,0.050000000000000044,True
double_dqn,23,59,12260,-136.99153178515215,21.737621307373047,13.40102315378189,0.050000000000000044,True
double_dqn,23,60,13260,-89.94854313622504,22.343889236450195,13.17561924123764,0.050000000000000044,True
double_dqn,23,61,14260,-10.308460875561584,22.484272003173828,12.944084332942962,0.050000000000000044,True
double_dqn,23,62,15260,-141.99240133905553,22.101089477539062,12.663940743684769,0.050000000000000044,True
double_dqn,23,63,16260,-27.256688809019984,23.0098819732666,12.17273206281662,0.050000000000000044,True
double_dqn,23,64,17127,-235.20394800704605,24.104848861694336,12.527996048107829,0.050000000000000044,True
double_dqn,23,65,17351,-142.25916659009158,23.823286056518555,12.148104421794415,0.050000000000000044,True
double_dqn,23,66,17669,-150.24903329985446,23.503225326538086,11.90934693813324,0.050000000000000044,True
double_dqn,23,67,17863,-98.14498401403984,24.388761520385742,12.540142619732729,0.050000000000000044,True
double_dqn,23,68,18754,-242.72121235786526,24.6954345703125,12.414302056619748,0.050000000000000044,True
double_dqn,23,69,19754,-59.62750347701413,25.313138961791992,12.551523603439332,0.050000000000000044,True
double_dqn,23,70,20754,-28.601861871022646,26.606313705444336,12.404204004764557,0.050000000000000044,True
double_dqn,23,71,21669,-234.0412024184042,27.45317840576172,12.56790455859867,0.050000000000000044,True
double_dqn,23,72,21849,-132.8190541587641,27.714649200439453,12.593501477771335,0.050000000000000044,True
double_dqn,23,73,22091,-70.24470780864107,27.661449432373047,12.263082591955326,0.050000000000000044,True
double_dqn,23,74,23091,-84.5502084763862,28.110624313354492,12.513733815729617,0.050000000000000044,True
double_dqn,23,75,24091,-162.74652556503455,29.295927047729492,12.51330057668686,0.050000000000000044,True
double_dqn,23,76,25091,-67.60054400213495,30.586912155151367,12.581361939191819,0.050000000000000044,True
double_dqn,23,77,25221,22.027348691977934,30.491920471191406,12.901822115824773,0.050000000000000044,True
double_dqn,23,78,26019,-250.8270091507594,31.48253631591797,13.087927970671116,0.050000000000000044,True
double_dqn,23,79,27019,-38.214227067566426,32.215087890625,13.174391862273216,0.050000000000000044,True
double_dqn,23,80,27929,-219.74089536192707,33.10295486450195,13.202526154884925,0.050000000000000044,True
double_dqn,23,81,28471,-166.07713170261104,34.16289138793945,13.113029193119369,0.050000000000000044,True
double_dqn,23,82,29471,-49.56292710326124,35.72453689575195,13.492787945985794,0.050000000000000044,True
double_dqn,23,83,30471,10.372285244462761,36.73781967163086,13.548227484226226,0.050000000000000044,True
double_dqn,23,84,30615,-87.73917089480751,37.67138671875,14.215859952900145,0.050000000000000044,True
double_dqn,23,85,31615,-48.75894993265758,39.02968978881836,13.942351618051529,0.050000000000000044,True
double_dqn,23,86,32615,-19.331249917860553,40.230167388916016,13.827156944990158,0.050000000000000044,True
double_dqn,23,87,33615,-32.93098858989281,42.13347625732422,14.211906460285187,0.050000000000000044,True
double_dqn,23,88,34615,10.313935525543659,43.871124267578125,14.627599915325641,0.050000000000000044,True
double_dqn,23,89,35615,-59.41575897683735,44.2646484375,14.652574316978455,0.050000000000000044,True
double_dqn,23,90,36615,-16.341121701759423,46.05728530883789,14.497371028900146,0.050000000000000044,True
double_dqn,23,91,37615,-9.542820727547568,47.06223678588867,14.81567449259758,0.050000000000000044,True
double_dqn,23,92,38615,-42.369500884988746,47.524635314941406,15.020254797697067,0.050000000000000044,True
double_dqn,23,93,39615,-3.9880864316426985,49.659706115722656,15.382267323255538,0.050000000000000044,True
double_dqn,23,94,40615,-15.913456243312293,50.69425964355469,15.861991921424865,0.050000000000000044,True
double_dqn,23,95,41597,197.83196158606535,52.0867919921875,16.21370553581875,0.050000000000000044,True
double_dqn,23,96,42168,216.2626117678202,52.81536102294922,16.525717615872466,0.050000000000000044,True
double_dqn,23,97,43168,18.302099361005983,53.652557373046875,17.17223789691925,0.050000000000000044,True
double_dqn,23,98,44168,-16.569910722674116,54.45310974121094,17.02854814338684,0.050000000000000044,True
double_dqn,23,99,45168,40.105999941865036,55.70417022705078,17.348402760505675,0.050000000000000044,True
double_dqn,23,100,45650,240.07581764884793,56.42100143432617,17.286778411429946,0.050000000000000044,True
double_dqn,23,101,46359,-273.49226153825043,56.56813049316406,17.759063159797357,0.050000000000000044,True
double_dqn,23,102,47033,231.3934659658867,57.850284576416016,17.688973606517123,0.050000000000000044,True
double_dqn,23,103,47787,220.43303214229292,58.6098518371582,18.034703288849848,0.050000000000000044,True
double_dqn,23,104,48787,101.51720821731763,59.292118072509766,18.231076904773712,0.050000000000000044,True
double_dqn,23,105,49787,126.41768648076841,60.31990051269531,18.286591432094575,0.050000000000000044,True
double_dqn,23,106,50450,245.2045994886665,61.54033279418945,18.07293140762352,0.050000000000000044,True
double_dqn,23,107,51115,214.48867893100015,61.577552795410156,17.678830066480135,0.050000000000000044,True
double_dqn,23,108,52106,162.63379654902795,63.5195198059082,17.718940007818937,0.050000000000000044,True
double_dqn,23,109,53106,88.28362420248064,63.6213493347168,17.369692309856415,0.050000000000000044,True
double_dqn,23,110,53630,259.5487192961878,63.96454620361328,16.832741986704235,0.050000000000000044,True
double_dqn,23,111,54630,77.58702734139686,64.20901489257812,16.287510237693787,0.050000000000000044,True
double_dqn,23,112,55630,70.87588751249115,65.24976348876953,15.907153028011322,0.050000000000000044,True
double_dqn,23,113,56630,51.77868663583541,65.30009460449219,15.310391763210296,0.050000000000000044,True
double_dqn,23,114,57630,129.87465695867184,66.36483764648438,15.051771176338196,0.050000000000000044,True
double_dqn,23,115,58107,163.2595817088614,66.5281753540039,14.825346713795852,0.050000000000000044,True
double_dqn,23,116,59107,55.04534656645551,66.8613052368164,14.699853132247926,0.050000000000000044,True
double_dqn,23,117,59404,245.02709025874913,66.36003875732422,14.475112805864224,0.050000000000000044,True
double_dqn,23,118,60404,114.28890218449237,66.70462799072266,13.980686249256134,0.050000000000000044,True
double_dqn,23,119,60930,226.77452411088993,67.58099365234375,13.528469317766197,0.050000000000000044,True
double_dqn,23,120,61320,209.49894109140365,66.79902648925781,13.584561463502737,0.050000000000000044,True
double_dqn,23,121,61840,229.50951463614143,66.264892578125,13.100095593012297,0.050000000000000044,True
double_dqn,23,122,62840,114.57033551903343,65.24859619140625,12.266685320615768,0.050000000000000044,True
double_dqn,23,123,63185,239.80686809543798,64.93054962158203,12.059088115415712,0.050000000000000044,True
double_dqn,23,124,63798,-191.40756212636754,64.64417266845703,12.11951942156034,0.050000000000000044,True
double_dqn,23,125,64711,167.54519421592852,65.43087768554688,12.334794159134011,0.050000000000000044,True
double_dqn,23,126,65119,261.5508599480774,65.37604522705078,12.072215774480034,0.050000000000000044,True
double_dqn,23,127,65564,266.9582123351906,65.59759521484375,12.597604010078344,0.050000000000000044,True
double_dqn,23,128,65683,-17.161689383874247,65.29342651367188,12.669482219119033,0.050000000000000044,True
double_dqn,23,129,65988,250.58168798659023,65.13127136230469,12.988391429088155,0.050000000000000044,True
double_dqn,23,130,66483,248.67830320761738,64.93728637695312,12.969897124261568,0.050000000000000044,True
double_dqn,23,131,67483,131.15514481436313,65.4556655883789,13.018101100921632,0.050000000000000044,True
double_dqn,23,132,67721,-118.74452608885572,65.9012680053711,13.022544037394162,0.050000000000000044,True
double_dqn,23,133,67931,280.31842672131205,65.95693969726562,12.98997160820734,0.050000000000000044,True
double_dqn,23,134,68157,248.26955200999004,66.104248046875,13.28900739998944,0.050000000000000044,True
double_dqn,23,135,68484,257.4814626348074,66.37555694580078,13.493723275829163,0.050000000000000044,True
double_dqn,23,136,68612,0.27979597802507783,66.1357650756836,13.225152630358934,0.050000000000000044,True
double_dqn,23,137,68875,-126.30045311961383,66.18190002441406,13.947515025338292,0.050000000000000044,True
double_dqn,23,138,69128,240.71082710968588,66.02574920654297,13.463523340790639,0.050000000000000044,True
double_dqn,23,139,69252,-8.234002395750736,66.1858139038086,13.871187475419813,0.050000000000000044,True
double_dqn,23,140,69679,248.73542668963972,66.53521728515625,14.15503217464867,0.050000000000000044,True
double_dqn,23,141,70172,217.93439010663593,66.31358337402344,15.082881330718376,0.050000000000000044,True
double_dqn,23,142,70653,260.9838532544452,67.38894653320312,15.242014539960516,0.050000000000000044,True
double_dqn,23,143,70977,234.22248804630675,67.51664733886719,15.426291976445986,0.050000000000000044,True
double_dqn,23,144,71731,270.0136951502201,67.30093383789062,15.58445771429836,0.050000000000000044,True
double_dqn,23,145,72039,282.72036350566293,68.09201049804688,15.527028778930763,0.050000000000000044,True
double_dqn,23,146,72811,147.27513044793943,67.64071655273438,16.06458840160172,0.050000000000000044,True
double_dqn,23,147,73249,241.3273505023148,67.56881713867188,16.38534737830837,0.050000000000000044,True
double_dqn,23,148,73743,230.0308468735824,68.09945678710938,16.782043068997773,0.050000000000000044,True
double_dqn,23,149,74743,-33.92684525933989,67.76141357421875,17.12701071548462,0.050000000000000044,True
double_dqn,23,150,75742,252.47295397480065,68.5024642944336,17.598593377732897,0.050000000000000044,True
double_dqn,23,151,76031,245.0625438521122,67.21136474609375,17.28685190603395,0.050000000000000044,True
double_dqn,23,152,76250,6.392158149680469,67.56619262695312,16.894734966156147,0.050000000000000044,True
double_dqn,23,153,76508,302.16975808414924,68.25297546386719,17.62693353401598,0.050000000000000044,True
double_dqn,23,154,76728,289.4895799108688,67.99517822265625,17.733691319552335,0.050000000000000044,True
double_dqn,23,155,77040,279.30711644826505,68.22775268554688,17.963373373716305,0.050000000000000044,True
double_dqn,23,156,77404,281.1846308888689,68.78495788574219,18.1779029578953,0.050000000000000044,True
double_dqn,23,157,77937,247.48471277438105,67.86302947998047,18.227972954791213,0.050000000000000044,True
double_dqn,23,158,78348,-199.43785408703917,68.15733337402344,18.281079647314808,0.050000000000000044,True
double_dqn,23,159,78627,198.10011916850397,68.34606170654297,18.507893285443707,0.050000000000000044,True
double_dqn,23,160,79471,244.70098772407508,68.11389923095703,18.92712901440842,0.050000000000000044,True
double_dqn,23,161,80471,153.29502371216645,67.51109313964844,18.879626866340637,0.050000000000000044,True
double_dqn,23,162,80653,-24.738535469750573,67.95372772216797,19.514890482137492,0.050000000000000044,True
double_dqn,23,163,80823,9.14373285741874,68.51862335205078,19.097154078764074,0.050000000000000044,True
double_dqn,23,164,81823,108.60435746598374,68.27484130859375,19.66272238922119,0.050000000000000044,True
double_dqn,23,165,82147,213.3400515011562,67.67073059082031,19.563782026738295,0.050000000000000044,True
double_dqn,23,166,82410,231.88901070581954,67.61829376220703,19.894328142753572,0.050000000000000044,True
double_dqn,23,167,82552,-7.585037646547946,67.10371398925781,19.368602262416356,0.050000000000000044,True
double_dqn,23,168,83048,265.74794314167275,68.18955993652344,19.68904972460962,0.050000000000000044,True
double_dqn,23,169,83572,243.11055489600434,68.19149017333984,19.977082581920477,0.050000000000000044,True
double_dqn,23,170,84431,249.5632425977902,67.32261657714844,20.275276799140904,0.050000000000000044,True
double_dqn,23,171,84675,22.685501006781195,67.3720932006836,20.532578913891903,0.050000000000000044,True
double_dqn,23,172,85087,265.4143524473226,67.26270294189453,20.4738149943861,0.050000000000000044,True
double_dqn,23,173,85262,8.311793585911758,67.62841033935547,21.575454968043736,0.050000000000000044,True
double_dqn,23,174,85423,-219.3164837434444,66.97991943359375,20.924344548527497,0.050000000000000044,True
double_dqn,23,175,86102,233.19154825187596,66.73080444335938,21.403867755266283,0.050000000000000044,True
double_dqn,23,176,86251,-5.292670120341896,66.82748413085938,21.61032314428547,0.050000000000000044,True
double_dqn,23,177,86590,276.82891270775644,66.6297607421875,21.60991293701802,0.050000000000000044,True
double_dqn,23,178,86736,32.93465910899903,66.72987365722656,21.962359500257936,0.050000000000000044,True
double_dqn,23,179,86845,-57.13055888048382,66.4228515625,21.98950871633827,0.050000000000000044,True
double_dqn,23,180,87093,277.1239741444774,66.53848266601562,21.693650972458624,0.050000000000000044,True
double_dqn,23,181,87350,290.50495710336963,65.86062622070312,22.164835425202483,0.050000000000000044,True
double_dqn,23,182,87561,303.82603155090305,66.07626342773438,22.419838466915476,0.050000000000000044,True
double_dqn,23,183,87895,280.6223586764338,65.8452377319336,22.73912019215658,0.050000000000000044,True
double_dqn,23,184,88116,226.1060806909103,65.95752716064453,22.873192312490886,0.050000000000000044,True
double_dqn,23,185,88460,298.2980002154824,66.08184814453125,23.275598847588828,0.050000000000000044,True
double_dqn,23,186,89460,92.23259854703257,66.0251693725586,23.46216407299042,0.050000000000000044,True
double_dqn,23,187,89636,31.19792772860407,66.05967712402344,23.180241351777855,0.050000000000000044,True
double_dqn,23,188,90592,263.5251197416191,66.25080871582031,23.519224023220428,0.050000000000000044,True
double_dqn,23,189,90756,23.36577939090114,65.85490417480469,23.672739453432037,0.050000000000000044,True
double_dqn,23,190,91170,194.40469203419673,65.3966293334961,23.954483591991924,0.050000000000000044,True
double_dqn,23,191,91285,13.115634187639102,65.64061737060547,23.952544668446418,0.050000000000000044,True
double_dqn,23,192,91553,48.59354787134441,65.34236907958984,24.579133553291435,0.050000000000000044,True
double_dqn,23,193,91677,0.0982517091099595,65.49983215332031,24.83563970750378,0.050000000000000044,True
double_dqn,23,194,92045,258.64133591396046,65.41519165039062,24.59448170143625,0.050000000000000044,True
double_dqn,23,195,92302,270.3497553910473,65.88191223144531,24.547507928039312,0.050000000000000044,True
double_dqn,23,196,92629,289.1904496595895,65.67901611328125,25.152712410743085,0.050000000000000044,True
double_dqn,23,197,92900,273.6277842140595,65.6921157836914,24.82752586026913,0.050000000000000044,True
double_dqn,23,198,93254,236.10580052612727,65.25951385498047,25.100058539439058,0.050000000000000044,True
double_dqn,23,199,94028,226.00145514699753,65.52702331542969,25.12186291667534,0.050000000000000044,True
double_dqn,23,200,94292,237.66915534346887,65.38407897949219,25.00044850147132,0.050000000000000044,True
double_dqn,23,201,94956,267.627965401965,65.2170639038086,24.88442903828908,0.050000000000000044,True
double_dqn,23,202,95131,60.11258785525709,64.98977661132812,25.229572339739118,0.050000000000000044,True
double_dqn,23,203,95450,279.6845099295211,64.8890609741211,25.727693187032,0.050000000000000044,True
double_dqn,23,204,96450,143.3933345339476,64.3231201171875,25.45893787765503,0.050000000000000044,True
double_dqn,23,205,97048,243.26616960743965,64.5018310546875,25.509197625826832,0.050000000000000044,True
double_dqn,23,206,97381,283.7215262079568,64.69189453125,25.30145799218713,0.050000000000000044,True
double_dqn,23,207,97725,233.62385144071078,64.93635559082031,25.751535886941955,0.050000000000000044,True
double_dqn,23,208,98002,291.01082668875546,65.13738250732422,25.089610258164388,0.050000000000000044,True
double_dqn,23,209,98742,279.2014781758463,65.33467102050781,25.567222449586197,0.050000000000000044,True
double_dqn,23,210,99141,276.3536304051672,64.85267639160156,26.061814463526982,0.050000000000000044,True
double_dqn,23,211,99457,239.16551721677112,64.9852066040039,25.62945282610157,0.050000000000000044,True
double_dqn,23,212,99953,256.09428310974727,64.67889404296875,25.73512686452558,0.050000000000000044,True
double_dqn,42,1,110,-131.42619954473327,0.7506310343742371,-0.2915554420745119,0.98955,True
double_dqn,42,2,200,-180.1379350881267,1.0822757482528687,-0.9396276452475124,0.981,True
double_dqn,42,3,299,-282.99198019408936,1.2811760902404785,-1.4863676010358213,0.971595,True
double_dqn,42,4,393,-69.22681863412966,1.6921703815460205,-1.775607223206378,0.962665,True
double_dqn,42,5,497,-70.96449386646334,1.4363315105438232,-1.3654905680853586,0.952785,True
double_dqn,42,6,636,-89.61186016134009,3.027522087097168,0.4193819594040191,0.93958,True
double_dqn,42,7,702,-87.22732353061221,2.8675239086151123,0.4565641042409521,0.93331,True
double_dqn,42,8,789,-17.114266088139473,2.7512686252593994,0.3929345941749112,0.925045,True
double_dqn,42,9,899,-163.95297170426105,2.838930130004883,0.5991660463539037,0.914595,True
double_dqn,42,10,1015,-237.83586841643583,3.813120126724243,0.6616236662556385,0.903575,True
double_dqn,42,11,1116,-374.04152128401427,3.621262550354004,1.4469653769294815,0.89398,True
double_dqn,42,12,1191,-78.55522626511967,3.675766706466675,0.7110247226556142,0.886855,True
double_dqn,42,13,1270,-168.82959193016177,3.4953460693359375,0.7559950638420975,0.87935,True
double_dqn,42,14,1397,-75.78557937951706,3.571457624435425,0.7882992974885805,0.8672850000000001,True
double_dqn,42,15,1465,-124.69375178581049,3.5966711044311523,1.341127510456478,0.860825,True
double_dqn,42,16,1562,0.467620941256925,4.555841445922852,1.6531973349064897,0.85161,True
double_dqn,42,17,1626,-67.6093829674833,4.60780143737793,1.9095368380658329,0.84553,True
double_dqn,42,18,1755,-373.5922506675503,4.523355007171631,2.382804840110069,0.833275,True
double_dqn,42,19,1830,-86.82482209510206,4.517309188842773,1.9829942103226978,0.82615,True
double_dqn,42,20,1910,-82.31802427503168,4.2959136962890625,1.6132755629718303,0.81855,True
double_dqn,42,21,2028,-178.1359831457192,5.258044242858887,1.843776212152788,0.80734,True
double_dqn,42,22,2138,-165.85426152475821,5.414568901062012,2.8893362776799636,0.79689,True
double_dqn,42,23,2205,-130.61832271375866,5.566086292266846,2.911099175908672,0.790525,True
double_dqn,42,24,2284,18.94064401914582,5.48178243637085,2.9629529771171037,0.78302,True
double_dqn,42,25,2359,-131.69837686189757,5.531361103057861,3.0375036271413167,0.775895,True
double_dqn,42,26,2443,-80.36576389521876,5.635306358337402,3.0338749282416844,0.767915,True
double_dqn,42,27,2588,-95.96132650918527,6.623888969421387,3.876980200101589,0.75414,True
double_dqn,42,28,2681,-101.89209310103261,6.9012274742126465,4.351490503677758,0.745305,True
double_dqn,42,29,2765,-102.62615685103042,6.791976451873779,4.264932439440773,0.737325,True
double_dqn,42,30,2887,-104.14143200969141,6.449411392211914,4.257720795566918,0.725735,True
double_dqn,42,31,3022,-294.4701606385928,7.696990966796875,3.9327860962461543,0.7129099999999999,True
double_dqn,42,32,3103,-60.25487461401451,7.992269515991211,5.034941754959248,0.7052149999999999,True
double_dqn,42,33,3212,-44.65235191033068,7.992849826812744,5.138203875734172,0.69486,True
double_dqn,42,34,3309,-93.61595765581643,7.727992057800293,4.865744914590698,0.6856450000000001,True
double_dqn,42,35,3388,-3.122413394686248,7.792172431945801,5.166237575343892,0.67814,True
double_dqn,42,36,3501,-75.25257116829329,7.8003764152526855,5.3617655946090155,0.667405,True
double_dqn,42,37,3766,-109.94899931201896,8.470315933227539,6.050858682956336,0.6422300000000001,True
double_dqn,42,38,3859,-65.23908170279742,8.422718048095703,6.180642408709372,0.6333949999999999,True
double_dqn,42,39,4003,-115.90262796492725,8.633661270141602,6.110775962471962,0.619715,True
double_dqn,42,40,4114,-117.66505649523874,9.196758270263672,6.676677926166637,0.60917,True
double_dqn,42,41,4314,-164.2729216292146,9.105586051940918,6.541347803473473,0.5901700000000001,True
double_dqn,42,42,4455,-80.51079703293695,8.987848281860352,6.034247031025853,0.576775,True
double_dqn,42,43,4625,-91.78752325272339,10.307668685913086,6.538075734587276,0.5606249999999999,True
double_dqn,42,44,4778,-82.06131748193566,10.001069068908691,6.85435995868608,0.54609,True
double_dqn,42,45,4899,-90.60685809361286,10.112715721130371,7.26205129564301,0.534595,True
double_dqn,42,46,4991,-44.827943988523785,9.739571571350098,7.2322181411411455,0.525855,True
double_dqn,42,47,5079,-18.80649201123417,11.191993713378906,7.827356570146301,0.517495,True
double_dqn,42,48,5237,10.289131564640286,11.585702896118164,8.718011240415935,0.502485,True
double_dqn,42,49,5567,-6.223028295436194,12.032513618469238,8.66653541723887,0.4711350000000001,True
double_dqn,42,50,6567,-9.171711322272714,13.853528022766113,8.087731487572194,0.3761350000000001,True
double_dqn,42,51,6672,11.25785415475599,13.884040832519531,7.186367583842505,0.36616000000000004,True
double_dqn,42,52,7672,1.6112915004221096,15.716533660888672,7.493082019925118,0.27116000000000007,True
double_dqn,42,53,7770,-85.6629680760826,16.0079402923584,8.422285789129685,0.26185,True
double_dqn,42,54,8770,18.232583792897902,16.858861923217773,8.182362899959088,0.16685000000000005,True
double_dqn,42,55,9770,-35.25094670595297,18.647327423095703,8.678983935713768,0.07185000000000008,True
double_dqn,42,56,10770,-61.83773827362151,19.636381149291992,9.511419028431177,0.050000000000000044,True
double_dqn,42,57,11091,-134.1945931240677,19.418743133544922,9.930882762897053,0.050000000000000044,True
double_dqn,42,58,11431,-100.48453130306243,19.273542404174805,9.718542415604873,0.050000000000000044,True
double_dqn,42,59,12431,-95.67329978912471,19.6910457611084,9.622907277584076,0.050000000000000044,True
double_dqn,42,60,13431,-16.913899447852142,20.80133056640625,10.440984477162361,0.050000000000000044,True
double_dqn,42,61,14431,-32.24440638769626,21.329404830932617,10.669051023840904,0.050000000000000044,True
double_dqn,42,62,15431,-41.714250459121374,22.331157684326172,11.128337081313132,0.050000000000000044,True
double_dqn,42,63,16431,-63.75052923223401,23.111249923706055,10.803026956677437,0.050000000000000044,True
double_dqn,42,64,17431,-51.403192133594715,24.328628540039062,11.211001621603966,0.050000000000000044,True
double_dqn,42,65,17784,-133.09588541215072,24.758289337158203,11.510020836216869,0.050000000000000044,True
double_dqn,42,66,18784,-24.83119371122305,25.088621139526367,11.819729130208492,0.050000000000000044,True
double_dqn,42,67,19784,91.73446665378907,26.44949722290039,12.326554718077183,0.050000000000000044,True
double_dqn,42,68,20784,102.20333942815967,27.044837951660156,12.706833434939384,0.050000000000000044,True
double_dqn,42,69,21184,288.5781910784307,27.07703399658203,11.849212275445462,0.050000000000000044,True
double_dqn,42,70,22184,-73.34772076274764,27.853492736816406,12.517730169057845,0.050000000000000044,True
double_dqn,42,71,23184,80.36193291350845,28.790082931518555,12.781081758856773,0.050000000000000044,True
double_dqn,42,72,24184,-56.28146019648456,31.142406463623047,13.230031704068184,0.050000000000000044,True
double_dqn,42,73,25184,-11.839528183627703,32.1026496887207,13.909098100066185,0.050000000000000044,True
double_dqn,42,74,26102,-209.3667952105969,33.734500885009766,14.067818904754123,0.050000000000000044,True
double_dqn,42,75,26611,249.10109103676376,34.62058639526367,14.515963923954542,0.050000000000000044,True
double_dqn,42,76,27052,-342.0553136006332,34.02706527709961,14.453921425099276,0.050000000000000044,True
double_dqn,42,77,27473,-182.06559533767506,34.303462982177734,14.537052840914692,0.050000000000000044,True
double_dqn,42,78,27740,-70.15632997973731,35.12023162841797,14.761989092558958,0.050000000000000044,True
double_dqn,42,79,28524,154.94085903595135,36.275577545166016,15.223926228376067,0.050000000000000044,True
double_dqn,42,80,29060,188.44674203070275,37.07197189331055,15.76532701502985,0.050000000000000044,True
double_dqn,42,81,30060,-33.452005015728716,38.173927307128906,15.476663759708405,0.050000000000000044,True
double_dqn,42,82,30990,-185.32708139872838,39.209632873535156,15.815767763763345,0.050000000000000044,True
double_dqn,42,83,31990,-42.229267485778934,40.266944885253906,15.817417221546172,0.050000000000000044,True
double_dqn,42,84,32353,228.6149464684449,40.593994140625,16.188721696207345,0.050000000000000044,True
double_dqn,42,85,33353,85.02774518734813,41.708839416503906,15.75669926714897,0.050000000000000044,True
double_dqn,42,86,34353,-38.835030209661134,43.137882232666016,16.2113546564579,0.050000000000000044,True
double_dqn,42,87,35353,-67.75762074445001,43.67967224121094,17.14180020928383,0.050000000000000044,True
double_dqn,42,88,36353,-51.54180623029205,43.76625061035156,16.49662580561638,0.050000000000000044,True
double_dqn,42,89,37353,-24.526852383681554,45.33771514892578,16.53393580698967,0.050000000000000044,True
double_dqn,42,90,38353,-0.7337570687483776,47.4492301940918,16.962582812786103,0.050000000000000044,True
double_dqn,42,91,39353,120.33794204401205,47.903106689453125,17.647196532726287,0.050000000000000044,True
double_dqn,42,92,39742,260.1500550852811,48.49787902832031,17.61543910791451,0.050000000000000044,True
double_dqn,42,93,40617,165.1073228859654,50.19227981567383,17.430848514829364,0.050000000000000044,True
double_dqn,42,94,41617,137.62857539566866,51.6285285949707,17.84327480483055,0.050000000000000044,True
double_dqn,42,95,42617,95.00335716127402,53.0007209777832,18.645122081279755,0.050000000000000044,True
double_dqn,42,96,43617,134.9621797838326,54.655548095703125,19.249458388090133,0.050000000000000044,True
double_dqn,42,97,44129,251.95358302663203,54.92255783081055,19.73266861680895,0.050000000000000044,True
double_dqn,42,98,44530,8.15116360892462,55.58599090576172,19.77148523354471,0.050000000000000044,True
double_dqn,42,99,45530,162.85506609739807,56.09611892700195,20.32330714428425,0.050000000000000044,True
double_dqn,42,100,46160,257.31956808056657,57.029869079589844,20.580575709872775,0.050000000000000044,True
double_dqn,42,101,47142,127.19190927047123,57.928585052490234,20.615116951179115,0.050000000000000044,True
double_dqn,42,102,47626,254.95986540737914,57.4453239440918,21.12193422475137,0.050000000000000044,True
double_dqn,42,103,48079,243.79801479889286,57.90496063232422,20.7332678325392,0.050000000000000044,True
double_dqn,42,104,48992,243.81015093836413,57.41386795043945,20.876612440779855,0.050000000000000044,True
double_dqn,42,105,49266,258.1234605546648,56.974365234375,20.859138206843912,0.050000000000000044,True
double_dqn,42,106,50233,209.81496289830855,58.926326751708984,21.40377541140662,0.050000000000000044,True
double_dqn,42,107,51233,114.36222462655756,59.28593826293945,21.375590113162993,0.050000000000000044,True
double_dqn,42,108,52233,145.07054271720878,60.62831115722656,21.353757391929626,0.050000000000000044,True
double_dqn,42,109,53233,141.82024758639335,60.6386604309082,21.1400045337677,0.050000000000000044,True
double_dqn,42,110,54233,135.41224534432223,61.711875915527344,20.56181521320343,0.050000000000000044,True
double_dqn,42,111,55233,165.12347154533927,63.03192901611328,20.181791422843933,0.050000000000000044,True
double_dqn,42,112,56182,233.2965915299577,63.86767578125,19.75618455181383,0.050000000000000044,True
double_dqn,42,113,56492,242.7676378265326,64.1559066772461,20.031418932637862,0.050000000000000044,True
double_dqn,42,114,57492,157.29054360408716,64.79067993164062,19.695953320503236,0.050000000000000044,True
double_dqn,42,115,58492,89.93800300708587,65.83036041259766,19.48197490119934,0.050000000000000044,True
double_dqn,42,116,59492,134.9170206141224,66.09590148925781,18.892332489013672,0.050000000000000044,True
double_dqn,42,117,59750,280.66959438472065,65.73839569091797,18.91703663685525,0.050000000000000044,True
double_dqn,42,118,59988,-74.16457922909059,65.62791442871094,18.86162881690915,0.050000000000000044,True
double_dqn,42,119,60629,176.0498070426935,66.2283706665039,18.69131420034328,0.050000000000000044,True
double_dqn,42,120,61629,-23.74369049723157,66.68482208251953,18.380416018486024,0.050000000000000044,True
double_dqn,42,121,62005,-131.13712376301748,66.0279769897461,18.051289144982682,0.050000000000000044,True
double_dqn,42,122,63005,116.68757232784615,67.95640563964844,17.98227893638611,0.050000000000000044,True
double_dqn,42,123,64005,62.744699234687346,67.62223815917969,18.091306978702544,0.050000000000000044,True
double_dqn,42,124,65005,-19.05202716883035,67.8990707397461,17.696739297389986,0.050000000000000044,True
double_dqn,42,125,66005,-6.034512254421399,67.19971466064453,17.651025337696076,0.050000000000000044,True
double_dqn,42,126,67005,41.413992480505364,66.95746612548828,17.743718212127686,0.050000000000000044,True
double_dqn,42,127,68005,144.284663050434,66.61483764648438,17.184110517978667,0.050000000000000044,True
double_dqn,42,128,69005,144.70193590047185,67.10653686523438,16.827238901138305,0.050000000000000044,True
double_dqn,42,129,70005,56.70403749387913,66.57539367675781,16.7196909532547,0.050000000000000044,True
double_dqn,42,130,70713,220.58869486002027,66.09629821777344,16.777827553829905,0.050000000000000044,True
double_dqn,42,131,71713,149.1117141163979,66.94144439697266,16.971704420089722,0.050000000000000044,True
double_dqn,42,132,72034,281.70112300654296,66.06612396240234,16.98584389018121,0.050000000000000044,True
double_dqn,42,133,72421,262.38674942421085,67.0888442993164,16.696493205482028,0.050000000000000044,True
double_dqn,42,134,73421,150.43375207235974,66.70572662353516,16.590688393115997,0.050000000000000044,True
double_dqn,42,135,73556,-35.391768635037394,65.41223907470703,15.900636697698522,0.050000000000000044,True
double_dqn,42,136,73903,242.50039329310096,65.79322052001953,15.901909512126824,0.050000000000000044,True
double_dqn,42,137,74903,153.02483312948686,64.66452026367188,16.670047053813935,0.050000000000000044,True
double_dqn,42,138,75679,240.87037548305153,64.57157897949219,16.414655773910052,0.050000000000000044,True
double_dqn,42,139,76679,157.58630541450492,63.62608337402344,16.656085426807405,0.050000000000000044,True
double_dqn,42,140,77194,241.94714971898577,63.278175354003906,16.233711159345017,0.050000000000000044,True
double_dqn,42,141,78194,84.1267622236814,62.913761138916016,16.29046708250046,0.050000000000000044,True
double_dqn,42,142,78494,278.949538769509,62.39128112792969,16.645208415985106,0.050000000000000044,True
double_dqn,42,143,79494,133.38704001348768,63.0612907409668,16.701959248065947,0.050000000000000044,True
double_dqn,42,144,80494,68.90435524213945,61.736671447753906,16.595828504085542,0.050000000000000044,True
double_dqn,42,145,80776,313.16943133377424,61.3983154296875,17.087274517573363,0.050000000000000044,True
double_dqn,42,146,81321,280.3259730694194,61.347068786621094,16.934841687963644,0.050000000000000044,True
double_dqn,42,147,81545,285.05039144203283,61.678810119628906,16.630354570490972,0.050000000000000044,True
double_dqn,42,148,81874,279.8579643491989,60.89320373535156,17.412824645230835,0.050000000000000044,True
double_dqn,42,149,82874,143.69926436474455,60.963218688964844,17.08730470228195,0.050000000000000044,True
double_dqn,42,150,82983,3.093081750452953,60.76091384887695,16.57747942373293,0.050000000000000044,True
double_dqn,42,151,83248,264.2925929840726,60.8132209777832,17.39172719019764,0.050000000000000044,True
double_dqn,42,152,83391,31.55834304024927,60.532012939453125,16.85913847543143,0.050000000000000044,True
double_dqn,42,153,84391,167.33442557916698,60.593563079833984,17.045389130592348,0.050000000000000044,True
double_dqn,42,154,84510,19.006488544579483,60.593116760253906,16.912886363117636,0.050000000000000044,True
double_dqn,42,155,85510,164.36487891945066,60.62833023071289,16.84127612400055,0.050000000000000044,True
double_dqn,42,156,85915,240.01880964629692,61.07795715332031,16.682755778748312,0.050000000000000044,True
double_dqn,42,157,86018,32.754566877204724,59.77899932861328,16.48057847810023,0.050000000000000044,True
double_dqn,42,158,86147,80.60368750561989,60.728614807128906,17.41228800041731,0.050000000000000044,True
double_dqn,42,159,86970,251.58204239547072,61.097286224365234,17.530110703348967,0.050000000000000044,True
double_dqn,42,160,87970,155.76965060218495,60.67298889160156,17.648203887939452,0.050000000000000044,True
double_dqn,42,161,88671,236.3268997734779,61.480018615722656,17.644103788955405,0.050000000000000044,True
double_dqn,42,162,89229,269.3168659360116,60.71493148803711,17.58493734175159,0.050000000000000044,True
double_dqn,42,163,89812,292.6025664272658,61.071834564208984,17.77787858298876,0.050000000000000044,True
double_dqn,42,164,90085,263.03006345835234,61.31767272949219,17.55693064329825,0.050000000000000044,True
double_dqn,42,165,90526,229.76658532302184,61.203277587890625,17.694412659625616,0.050000000000000044,True
double_dqn,42,166,91434,266.09874686334683,62.155975341796875,17.328668635847286,0.050000000000000044,True
double_dqn,42,167,92434,161.34514731853187,61.66660690307617,17.433592792987824,0.050000000000000044,True
double_dqn,42,168,92560,54.55192426257301,61.769718170166016,17.907797654469807,0.050000000000000044,True
double_dqn,42,169,92800,266.5746995482451,61.88124084472656,18.07128243048986,0.050000000000000044,True
double_dqn,42,170,92936,15.349006406041056,62.021934509277344,17.985892365960513,0.050000000000000044,True
double_dqn,42,171,93936,126.6793366001618,61.19807434082031,17.709212711334228,0.050000000000000044,True
double_dqn,42,172,94394,266.6099015946097,61.54887771606445,17.868817096193805,0.050000000000000044,True
double_dqn,42,173,94892,230.19704863039826,61.52298355102539,17.367390860515425,0.050000000000000044,True
double_dqn,42,174,95835,288.8425881024692,60.76768493652344,17.718461156017835,0.050000000000000044,True
double_dqn,42,175,96123,232.45728760580425,61.03639602661133,17.650616957081688,0.050000000000000044,True
double_dqn,42,176,97123,139.837830255812,60.662235260009766,17.875324995994568,0.050000000000000044,True
double_dqn,42,177,97486,252.4697850797701,60.7544059753418,17.76647624233866,0.050000000000000044,True
double_dqn,42,178,97595,-7.240966259544265,61.4972038269043,18.16950686918486,0.050000000000000044,True
double_dqn,42,179,98595,126.64910374564747,61.0318489074707,18.015648197174073,0.050000000000000044,True
double_dqn,42,180,99595,-80.69520418147705,60.73847579956055,17.99465940952301,0.050000000000000044,True
ddqn_per,17,1,114,-187.11719135727765,0.4684061110019684,-1.7292629363490086,0.98917,True
ddqn_per,17,2,212,-129.24228086807577,0.3727315664291382,-12.735455099417239,0.97986,True
ddqn_per,17,3,293,-453.342978907787,0.4725590944290161,-15.845562487472723,0.972165,True
ddqn_per,17,4,372,-114.99638147842646,0.5154465436935425,-16.058328049092353,0.96466,True
ddqn_per,17,5,456,-202.64632570443257,0.3484097421169281,-16.216983159383137,0.95668,True
ddqn_per,17,6,567,-214.10848011127564,1.0651365518569946,-15.921780560467694,0.946135,True
ddqn_per,17,7,657,-249.1166377345948,1.1269112825393677,-13.582524485058254,0.937585,True
ddqn_per,17,8,735,-88.79529959435762,1.0810633897781372,-11.178568821686964,0.930175,True
ddqn_per,17,9,848,-215.116791714282,0.769646167755127,-8.630220533472247,0.91944,True
ddqn_per,17,10,921,-96.23974826735214,0.9131932258605957,-7.640628948603591,0.912505,True
ddqn_per,17,11,1034,-98.4321753197435,1.2706199884414673,-6.545978747637926,0.90177,True
ddqn_per,17,12,1148,-166.49807041316436,1.7688058614730835,-5.863861019151253,0.8909400000000001,True
ddqn_per,17,13,1256,-64.53275336197528,1.1488436460494995,-5.674254071933252,0.88068,True
ddqn_per,17,14,1347,-189.70047052966117,1.3886288404464722,-5.139992358265342,0.872035,True
ddqn_per,17,15,1426,-111.68521207251042,1.2758936882019043,-6.9331460564951355,0.86453,True
ddqn_per,17,16,1512,-115.31605840317765,2.784198045730591,-7.919957472834477,0.85636,True
ddqn_per,17,17,1612,-72.24664046591397,2.0370237827301025,-9.46925818681717,0.84686,True
ddqn_per,17,18,1696,-164.48232072322662,2.351785182952881,-10.450076469353267,0.8388800000000001,True
ddqn_per,17,19,1804,-151.6944243794083,2.267521619796753,-10.804218773488644,0.82862,True
ddqn_per,17,20,1873,-56.28195826778455,2.208834648132324,-11.661066234975621,0.822065,True
ddqn_per,17,21,2028,-14.50081924922901,3.722393751144409,-11.200902002088485,0.80734,True
ddqn_per,17,22,2108,-27.814424620748554,3.1325392723083496,-12.569032567739487,0.79974,True
ddqn_per,17,23,2232,-99.60017187862334,3.165510892868042,-12.181629486622349,0.78796,True
ddqn_per,17,24,2312,-97.93550946891622,3.503603219985962,-11.482635161280632,0.78036,True
ddqn_per,17,25,2447,-57.213041346464465,3.325596332550049,-11.790214162402682,0.7675350000000001,True
ddqn_per,17,26,2566,0.6432953768808432,4.230882167816162,-11.490348613562704,0.75623,True
ddqn_per,17,27,2682,-75.57073881693906,4.1330060958862305,-10.793577770734656,0.74521,True
ddqn_per,17,28,2757,-88.64261379324057,4.72674560546875,-10.791209367116293,0.738085,True
ddqn_per,17,29,2855,-67.31622779731384,4.551037788391113,-11.23978354492966,0.7287750000000001,True
ddqn_per,17,30,3005,-32.42261800461348,5.144857883453369,-11.911950639883678,0.7145250000000001,True
ddqn_per,17,31,3175,-15.089471192261684,5.537669658660889,-8.281940952469322,0.698375,True
ddqn_per,17,32,3284,-250.6337041253282,5.629349231719971,-8.820877526331385,0.68802,True
ddqn_per,17,33,3395,-91.38201673562679,5.597806930541992,-7.942905101690206,0.677475,True
ddqn_per,17,34,3456,-75.2377148339626,5.756112575531006,-8.848808917842927,0.67168,True
ddqn_per,17,35,3628,-30.082076005240026,6.545844554901123,-6.450046679308248,0.65534,True
ddqn_per,17,36,3776,-37.16012155074137,6.6424880027771,-5.274827441452323,0.6412800000000001,True
ddqn_per,17,37,3923,-164.1150339988056,6.393829822540283,-5.570439555207077,0.6273150000000001,True
ddqn_per,17,38,4005,-64.15840631179067,8.698735237121582,-5.893047346937947,0.619525,True
ddqn_per,17,39,4116,-41.90230830469012,8.286231994628906,-4.58034534497304,0.6089800000000001,True
ddqn_per,17,40,4258,-102.32553493230961,8.348196029663086,-4.866229728074141,0.5954900000000001,True
ddqn_per,17,41,4407,-24.956036323411695,8.209880828857422,-4.548432161343977,0.581335,True
ddqn_per,17,42,4526,-197.3373140629072,8.66287612915039,-4.771236092102628,0.57003,True
ddqn_per,17,43,4751,-45.223214016028535,9.718232154846191,-4.272024911906984,0.548655,True
ddqn_per,17,44,4821,-36.90339238810388,9.208639144897461,-2.8348218551703863,0.5420050000000001,True
ddqn_per,17,45,4971,-25.68009181263598,9.356593132019043,-3.4652805574735006,0.527755,True
ddqn_per,17,46,5192,-57.70507088426807,10.671660423278809,-3.3742280541771676,0.5067600000000001,True
ddqn_per,17,47,5648,-33.6532311164535,12.23779010772705,-2.783076962554141,0.4634400000000001,True
ddqn_per,17,48,5991,-59.139511843952945,12.117497444152832,-2.573679308415154,0.4308550000000001,True
ddqn_per,17,49,6991,-31.09349732210453,15.015599250793457,0.6844171044826508,0.335855,True
ddqn_per,17,50,7991,28.02797792937073,16.690649032592773,3.270069478675723,0.24085500000000004,True
ddqn_per,17,51,8764,-441.9773625771258,18.606660842895508,4.38819677125359,0.16742000000000012,True
ddqn_per,17,52,9764,-133.2165151704841,20.53677749633789,6.021191183716058,0.07242000000000004,True
ddqn_per,17,53,10764,6.017019748356642,21.284170150756836,8.600090150952338,0.050000000000000044,True
ddqn_per,17,54,11339,-273.7675998644472,21.961977005004883,10.760515220061592,0.050000000000000044,True
ddqn_per,17,55,12339,-103.43194022838048,22.847719192504883,12.718660395503044,0.050000000000000044,True
ddqn_per,17,56,12572,-142.59277735931283,23.071449279785156,14.065938661026852,0.050000000000000044,True
ddqn_per,17,57,13155,-88.27719409224338,23.623716354370117,15.048081016765451,0.050000000000000044,True
ddqn_per,17,58,14155,-102.01093204157871,23.7997989654541,17.66682592189312,0.050000000000000044,True
ddqn_per,17,59,15155,43.43094088750913,24.528650283813477,20.26832998287678,0.050000000000000044,True
ddqn_per,17,60,16155,124.6685198529854,24.39386749267578,20.526069096803663,0.050000000000000044,True
ddqn_per,17,61,17155,88.73365571410426,25.263916015625,22.639352216482163,0.050000000000000044,True
ddqn_per,17,62,18155,132.30778954298944,25.309398651123047,26.437908373832702,0.050000000000000044,True
ddqn_per,17,63,19155,155.2447733766696,27.3258113861084,28.532955021858214,0.050000000000000044,True
ddqn_per,17,64,20155,115.11604938445619,26.975690841674805,29.55679657268524,0.050000000000000044,True
ddqn_per,17,65,21155,162.6687399461077,28.76006317138672,31.139032393932343,0.050000000000000044,True
ddqn_per,17,66,21440,-85.21713950119158,28.312719345092773,32.964224273280095,0.050000000000000044,True
ddqn_per,17,67,21613,4.353891146539695,29.0033016204834,35.23002016475435,0.050000000000000044,True
ddqn_per,17,68,21719,-87.3603236760731,29.375181198120117,35.01235100008407,0.050000000000000044,True
ddqn_per,17,69,22635,241.14528899441387,31.830175399780273,36.98974921193185,0.050000000000000044,True
ddqn_per,17,70,23635,109.24190795506927,31.871234893798828,37.100745237350466,0.050000000000000044,True
ddqn_per,17,71,23727,-99.98406061453322,32.632991790771484,40.52141828122346,0.050000000000000044,True
ddqn_per,17,72,23927,-8.800120957978265,32.7218132019043,39.644325523376466,0.050000000000000044,True
ddqn_per,17,73,24002,-184.87179742657878,33.072628021240234,42.67958755493164,0.050000000000000044,True
ddqn_per,17,74,24108,-175.85550864271147,33.78304672241211,43.46969503726599,0.050000000000000044,True
ddqn_per,17,75,24265,-63.66174136834005,33.64980697631836,46.139610545650406,0.050000000000000044,True
ddqn_per,17,76,24462,-27.156379720970776,32.938846588134766,47.14502306517006,0.050000000000000044,True
ddqn_per,17,77,24619,-134.78026033759173,34.140113830566406,44.28167080119917,0.050000000000000044,True
ddqn_per,17,78,25007,265.3188738639139,34.8886604309082,46.69573962073965,0.050000000000000044,True
ddqn_per,17,79,25136,40.43975371337805,33.52162551879883,45.886786616125775,0.050000000000000044,True
ddqn_per,17,80,25253,-118.47481563554021,34.722129821777344,44.528878643981415,0.050000000000000044,True
ddqn_per,17,81,25462,-78.91330828485445,35.12860870361328,45.0263055591492,0.050000000000000044,True
ddqn_per,17,82,25571,31.213007953903173,34.6862907409668,45.669897376944164,0.050000000000000044,True
ddqn_per,17,83,26571,106.36705172320167,35.39176559448242,45.34957985305786,0.050000000000000044,True
ddqn_per,17,84,26744,-6.633388867726012,35.493595123291016,45.93381351404796,0.050000000000000044,True
ddqn_per,17,85,26867,-63.730711868571994,34.945716857910156,45.08741707530448,0.050000000000000044,True
ddqn_per,17,86,26953,-149.22889711683345,34.48310852050781,47.32670894888945,0.050000000000000044,True
ddqn_per,17,87,27185,-128.67463134502572,36.24028396606445,47.21880094347329,0.050000000000000044,True
ddqn_per,17,88,27264,-187.2520058676394,36.0892219543457,46.44266555882707,0.050000000000000044,True
ddqn_per,17,89,27403,-2.52425875605131,35.46926498413086,47.21027246653605,0.050000000000000044,True
ddqn_per,17,90,27534,-17.06474305165999,37.051666259765625,49.19080295271546,0.050000000000000044,True
ddqn_per,17,91,27731,-53.10791193923072,37.7391242980957,48.25024723885628,0.050000000000000044,True
ddqn_per,17,92,27892,19.344292541420742,37.319210052490234,47.80944098004643,0.050000000000000044,True
ddqn_per,17,93,28151,-1.691982654377881,37.47637176513672,48.8887178722956,0.050000000000000044,True
ddqn_per,17,94,28354,0.674071361934395,37.66987609863281,49.612747013862496,0.050000000000000044,True
ddqn_per,17,95,28517,22.46370008571253,37.93782043457031,50.232966382079326,0.050000000000000044,True
ddqn_per,17,96,28670,24.279398924627955,38.372581481933594,51.91971191705442,0.050000000000000044,True
ddqn_per,17,97,28774,-87.87748188721346,38.75810241699219,51.25327246005718,0.050000000000000044,True
ddqn_per,17,98,28907,-41.954236474195795,37.8356819152832,52.20789091927664,0.050000000000000044,True
ddqn_per,17,99,28994,-61.746971551938394,38.5067024230957,51.495741613979995,0.050000000000000044,True
ddqn_per,17,100,29259,-91.729502677265,38.79692840576172,53.76131932240612,0.050000000000000044,True
ddqn_per,17,101,29340,-107.3068598633587,40.507118225097656,54.747257279761044,0.050000000000000044,True
ddqn_per,17,102,29612,-29.616414462329274,41.28315353393555,55.755802385947284,0.050000000000000044,True
ddqn_per,17,103,29693,0.10386756279696385,40.688804626464844,56.35469806341477,0.050000000000000044,True
ddqn_per,17,104,29796,-62.51888518472719,40.83171463012695,56.56091773394242,0.050000000000000044,True
ddqn_per,17,105,29888,-101.26460264278775,40.828426361083984,56.36815950144892,0.050000000000000044,True
ddqn_per,17,106,29995,-83.44395260094812,40.36119842529297,58.613804861763924,0.050000000000000044,True
ddqn_per,17,107,30076,-87.21184917811877,42.01555633544922,59.90195505118665,0.050000000000000044,True
ddqn_per,17,108,30191,-8.106970233334081,41.97178649902344,59.53726743615192,0.050000000000000044,True
ddqn_per,17,109,30268,-64.49280282525064,42.31507873535156,59.56612341744559,0.050000000000000044,True
ddqn_per,17,110,30387,12.252426895652789,41.75932693481445,58.80198023499561,0.050000000000000044,True
ddqn_per,17,111,30486,-26.776477041765958,41.02024841308594,59.16948503436464,0.050000000000000044,True
ddqn_per,17,112,30757,-82.70111047912765,43.33504867553711,60.20612878553102,0.050000000000000044,True
ddqn_per,17,113,30929,16.752264131268248,42.802276611328125,61.291408350301346,0.050000000000000044,True
ddqn_per,17,114,31183,-63.82930794158328,44.56809997558594,60.55523977504941,0.050000000000000044,True
ddqn_per,17,115,31264,-221.58434502345096,43.83832550048828,64.2833969210401,0.050000000000000044,True
ddqn_per,17,116,31370,-39.64457150407216,43.84151840209961,63.33164902453153,0.050000000000000044,True
ddqn_per,17,117,31451,-275.43933560288207,43.56401062011719,66.20500249038508,0.050000000000000044,True
ddqn_per,17,118,31548,-106.15148243477708,46.204219818115234,67.37101037723502,0.050000000000000044,True
ddqn_per,17,119,31604,-130.2435285492977,45.128883361816406,67.64899962288993,0.050000000000000044,True
ddqn_per,17,120,31723,-50.460616496697796,44.26051712036133,70.14046083979245,0.050000000000000044,True
ddqn_per,17,121,31841,-13.518631671675607,44.75856399536133,70.84739769111245,0.050000000000000044,True
ddqn_per,17,122,31961,18.468869587497252,45.1648063659668,69.4667340596517,0.050000000000000044,True
ddqn_per,17,123,32034,-35.70051017938971,45.794185638427734,67.59830511432804,0.050000000000000044,True
ddqn_per,17,124,32132,46.39383661295233,45.48038101196289,71.4883534178442,0.050000000000000044,True
ddqn_per,17,125,32209,-51.10282914271485,46.799346923828125,68.89118942657075,0.050000000000000044,True
ddqn_per,17,126,32475,-86.09676542694915,45.43403244018555,68.80141623934409,0.050000000000000044,True
ddqn_per,17,127,33475,95.45861792870252,46.837242126464844,69.67135422325134,0.050000000000000044,True
ddqn_per,17,128,33555,-271.1975340929828,47.36549377441406,73.69417309761047,0.050000000000000044,True
ddqn_per,17,129,33876,-104.09554514631186,47.6037712097168,71.66977158068126,0.050000000000000044,True
ddqn_per,17,130,33933,-104.46800231011807,48.050785064697266,73.73899787768983,0.050000000000000044,True
ddqn_per,17,131,34104,28.296214531182017,47.967586517333984,72.33135033769217,0.050000000000000044,True
ddqn_per,17,132,34191,27.274530918191758,48.158775329589844,73.7176644336218,0.050000000000000044,True
ddqn_per,17,133,34271,-248.7408903909923,45.73945236206055,74.96136493682862,0.050000000000000044,True
ddqn_per,17,134,35271,109.70320932890351,50.3659553527832,76.28484180068969,0.050000000000000044,True
ddqn_per,17,135,35505,-105.46486514704365,51.1080436706543,76.39332487644293,0.050000000000000044,True
ddqn_per,17,136,35570,-87.25495094820198,51.26002883911133,81.84303342379056,0.050000000000000044,True
ddqn_per,17,137,36570,153.87595585998326,50.53630065917969,81.84880158615113,0.050000000000000044,True
ddqn_per,17,138,36657,-249.76779149898542,51.086402893066406,88.47563197694976,0.050000000000000044,True
ddqn_per,17,139,36747,-144.70824197385804,50.74799728393555,85.49853019714355,0.050000000000000044,True
ddqn_per,17,140,36831,-269.33223315605795,50.047794342041016,87.67081201644172,0.050000000000000044,True
ddqn_per,17,141,37831,141.90328529989773,52.751808166503906,88.28303590011596,0.050000000000000044,True
ddqn_per,17,142,37917,-53.73987031535556,53.053165435791016,93.43133704606876,0.050000000000000044,True
ddqn_per,17,143,38142,240.8083545990045,53.085533142089844,91.81921581692166,0.050000000000000044,True
ddqn_per,17,144,39142,96.64605917644244,54.24489212036133,92.5999021987915,0.050000000000000044,True
ddqn_per,17,145,40142,67.80333091476139,52.18950653076172,96.07283964920045,0.050000000000000044,True
ddqn_per,17,146,40790,-245.2740873639223,53.47602462768555,102.25026154223784,0.050000000000000044,True
ddqn_per,17,147,41305,-120.61642961476966,54.60311508178711,109.97198120413475,0.050000000000000044,True
ddqn_per,17,148,41415,-40.91326442100498,54.72962951660156,116.7114875793457,0.050000000000000044,True
ddqn_per,17,149,42155,138.57320576326202,56.35429763793945,116.98106318293391,0.050000000000000044,True
ddqn_per,17,150,42475,-297.81372315883584,54.64958190917969,122.12667458057403,0.050000000000000044,True
ddqn_per,17,151,42559,-2.5383016436374817,55.42790603637695,127.14687837873187,0.050000000000000044,True
ddqn_per,17,152,42791,-199.0615354481078,56.905311584472656,128.30403998802447,0.050000000000000044,True
ddqn_per,17,153,43630,-108.25179755107658,58.94151306152344,129.43875251197133,0.050000000000000044,True
ddqn_per,17,154,43955,-231.30546593338713,58.94712829589844,132.43190307617186,0.050000000000000044,True
ddqn_per,17,155,44171,-56.138163232176325,60.40731430053711,143.05566116615577,0.050000000000000044,True
ddqn_per,17,156,44332,-158.845706899047,60.91910171508789,145.34828835244505,0.050000000000000044,True
ddqn_per,17,157,44889,-122.58884316180075,61.566192626953125,145.140308866381,0.050000000000000044,True
ddqn_per,17,158,45079,-186.6387326945728,63.809906005859375,150.97311967548572,0.050000000000000044,True
ddqn_per,17,159,45218,13.356401625234867,62.65229415893555,149.94743627095394,0.050000000000000044,True
ddqn_per,17,160,45445,-169.68060641169808,62.31797790527344,152.60492649162393,0.050000000000000044,True
ddqn_per,17,161,45666,-127.14335620666387,63.63286209106445,159.32610776737266,0.050000000000000044,True
ddqn_per,17,162,45800,-0.3951786668331039,62.74644088745117,160.42497025674848,0.050000000000000044,True
ddqn_per,17,163,45929,-169.184827662374,63.846649169921875,162.3115745367006,0.050000000000000044,True
ddqn_per,17,164,46078,-151.32211821335383,66.71247100830078,166.93543023231047,0.050000000000000044,True
ddqn_per,17,165,46199,-149.24709284206915,65.69975280761719,169.369369065466,0.050000000000000044,True
ddqn_per,17,166,46395,-201.9756919568872,66.66869354248047,168.66914184726014,0.050000000000000044,True
ddqn_per,17,167,47318,135.10883730042974,68.9688949584961,164.54282815588127,0.050000000000000044,True
ddqn_per,17,168,48318,-115.39558184372075,70.56615447998047,160.0030435409546,0.050000000000000044,True
ddqn_per,17,169,48461,-127.4841490513038,69.9427719116211,166.0708013147741,0.050000000000000044,True
ddqn_per,17,170,48607,-138.1345459546734,71.86890411376953,169.25623222246563,0.050000000000000044,True
ddqn_per,17,171,48775,-78.52354659995761,73.03717041015625,171.44458430153983,0.050000000000000044,True
ddqn_per,17,172,48910,-399.29548359103677,71.42150115966797,169.65511271158854,0.050000000000000044,True
ddqn_per,17,173,49042,-299.5449387073569,73.22626495361328,173.04875119527182,0.050000000000000044,True
ddqn_per,17,174,49165,-455.46402284454695,73.9928970336914,179.0269780352833,0.050000000000000044,True
ddqn_per,17,175,49390,-260.422056695564,73.7972183227539,178.66873609754774,0.050000000000000044,True
ddqn_per,17,176,49485,-262.2715992474678,74.35765075683594,176.08475028590152,0.050000000000000044,True
ddqn_per,17,177,49622,-257.2848926971701,77.20185089111328,178.78201004362455,0.050000000000000044,True
ddqn_per,17,178,49752,-180.17595464002216,78.36890411376953,182.51851290189302,0.050000000000000044,True
ddqn_per,17,179,49873,-152.43332095955475,77.05632019042969,187.1901239442431,0.050000000000000044,True
ddqn_per,17,180,49988,-449.04897099055324,77.48660278320312,186.1255513066831,0.050000000000000044,True
ddqn_per,17,181,50187,-208.36676619739973,80.94956970214844,181.83851412672493,0.050000000000000044,True
ddqn_per,17,182,50272,-87.21226611027024,81.44641876220703,178.20919593362248,0.050000000000000044,True
ddqn_per,17,183,50422,-173.67875955826935,80.4135513305664,185.10159830729165,0.050000000000000044,True
ddqn_per,17,184,50553,-290.5182263114398,82.1988754272461,187.71479203318822,0.050000000000000044,True
ddqn_per,17,185,50687,-256.9928175783956,84.27137756347656,193.06362618973006,0.050000000000000044,True
ddqn_per,17,186,50855,-191.66568812124336,83.46868896484375,189.88391553787957,0.050000000000000044,True
ddqn_per,17,187,50931,-18.058942246410822,81.81172943115234,190.15990959970574,0.050000000000000044,True
ddqn_per,17,188,51198,-90.2577599080662,86.99697875976562,190.94707034678942,0.050000000000000044,True
ddqn_per,17,189,51348,-154.3603942371972,85.16804504394531,195.27194447835288,0.050000000000000044,True
ddqn_per,17,190,51469,-263.994092728403,88.67424011230469,193.42852694929138,0.050000000000000044,True
ddqn_per,17,191,51758,-187.66806633076737,87.75418853759766,193.45792547311748,0.050000000000000044,True
ddqn_per,17,192,51929,-214.9120224057428,90.82599639892578,200.99219267549572,0.050000000000000044,True
ddqn_per,17,193,52057,-329.5113506897412,92.62744140625,194.7803831100464,0.050000000000000044,True
ddqn_per,17,194,52166,-292.5966528685598,92.6424789428711,201.9564442765822,0.050000000000000044,True
ddqn_per,17,195,52289,-287.6867229655347,90.76176452636719,201.70704179469163,0.050000000000000044,True
ddqn_per,17,196,52438,-158.5425075198793,92.02691650390625,203.78125501799104,0.050000000000000044,True
ddqn_per,17,197,52563,-145.57259769055264,96.10150146484375,199.6688775024414,0.050000000000000044,True
ddqn_per,17,198,52814,-204.68811777372525,94.90483093261719,204.65819546520947,0.050000000000000044,True
ddqn_per,17,199,52925,-344.4079898910849,93.58068084716797,204.98991029756564,0.050000000000000044,True
ddqn_per,17,200,53099,-222.39165423997656,97.95349884033203,209.52878184702203,0.050000000000000044,True
ddqn_per,17,201,53190,-290.14520731989774,98.78072357177734,218.86389998551255,0.050000000000000044,True
ddqn_per,17,202,53395,-193.2596845580698,97.3381118774414,215.01721526355277,0.050000000000000044,True
ddqn_per,17,203,53500,-207.6022343238777,97.43408966064453,221.93736281622023,0.050000000000000044,True
ddqn_per,17,204,53606,36.02962858585991,101.66299438476562,213.1649545633568,0.050000000000000044,True
ddqn_per,17,205,53738,-453.0264254443409,100.66747283935547,211.74976233280066,0.050000000000000044,True
ddqn_per,17,206,53869,-278.57335541771226,102.22527313232422,216.84045619819,0.050000000000000044,True
ddqn_per,17,207,54067,-386.5077855812157,105.24500274658203,209.76534957115095,0.050000000000000044,True
ddqn_per,17,208,54171,-242.2159066912971,103.58915710449219,218.05045010493353,0.050000000000000044,True
ddqn_per,17,209,54351,-363.0256960143287,103.1417007446289,215.0457854376899,0.050000000000000044,True
ddqn_per,17,210,54457,-85.20211598639051,104.573486328125,221.88740006932673,0.050000000000000044,True
ddqn_per,17,211,54612,-304.1445180843739,106.24439239501953,221.3273498535156,0.050000000000000044,True
ddqn_per,17,212,54717,-215.94372061449582,103.32379913330078,225.02347310384116,0.050000000000000044,True
ddqn_per,17,213,54796,-378.67766938404026,107.35266876220703,212.09175187122972,0.050000000000000044,True
ddqn_per,17,214,54980,-243.86732907343043,105.3534927368164,217.23661692246148,0.050000000000000044,True
ddqn_per,17,215,55080,-324.25339645422434,112.0271987915039,225.58656188964844,0.050000000000000044,True
ddqn_per,17,216,55157,-70.45152212133131,110.96714782714844,222.9473734273539,0.050000000000000044,True
ddqn_per,17,217,55274,-259.24495029716047,109.91519165039062,222.62479980990418,0.050000000000000044,True
ddqn_per,17,218,55390,-258.8833506554163,110.9708480834961,226.77644558610587,0.050000000000000044,True
ddqn_per,17,219,55524,-493.6197242359047,115.0322036743164,220.71783652234433,0.050000000000000044,True
ddqn_per,17,220,55603,-288.70347726726266,113.8729019165039,235.5463009604925,0.050000000000000044,True
ddqn_per,17,221,55818,-215.124438419867,115.08953094482422,224.46772361577942,0.050000000000000044,True
ddqn_per,17,222,55965,-404.30444369802547,115.88800811767578,230.76428762422938,0.050000000000000044,True
ddqn_per,17,223,56076,-308.61098795712047,123.18890380859375,228.46015229096284,0.050000000000000044,True
ddqn_per,17,224,56179,-303.75181195370243,123.09737396240234,237.81828367362903,0.050000000000000044,True
ddqn_per,17,225,56274,-370.6527180073951,121.21564483642578,244.12891444156045,0.050000000000000044,True
ddqn_per,17,226,56512,-344.8427052650852,124.97618865966797,232.0077437072241,0.050000000000000044,True
ddqn_per,17,227,56614,-330.4262701201384,125.58639526367188,241.79355292226754,0.050000000000000044,True
ddqn_per,17,228,56730,-284.69251397941025,126.03591918945312,238.96921947084624,0.050000000000000044,True
ddqn_per,17,229,56882,-206.1003675250476,125.27483367919922,237.53550318667763,0.050000000000000044,True
ddqn_per,17,230,56985,-323.7886168088611,127.22392272949219,242.09074327783676,0.050000000000000044,True
ddqn_per,17,231,57075,-334.1770096375417,130.70143127441406,246.22978719075522,0.050000000000000044,True
ddqn_per,17,232,57184,-316.6424371633269,128.94512939453125,245.26212135804903,0.050000000000000044,True
ddqn_per,17,233,57336,-256.32471582235485,127.1369400024414,239.79933839095267,0.050000000000000044,True
ddqn_per,17,234,57597,-329.2188429435537,135.16822814941406,237.15306605781174,0.050000000000000044,True
ddqn_per,17,235,57692,-385.32950865615277,135.90682983398438,246.09642221551192,0.050000000000000044,True
ddqn_per,17,236,57809,-352.6095015204691,134.17507934570312,253.8518561990852,0.050000000000000044,True
ddqn_per,17,237,57938,-518.1736664711946,134.12857055664062,253.68944673759992,0.050000000000000044,True
ddqn_per,17,238,58101,-391.3967209010048,138.87176513671875,247.1755998295509,0.050000000000000044,True
ddqn_per,17,239,58204,-326.7841546360207,138.92237854003906,260.14090736166946,0.050000000000000044,True
ddqn_per,17,240,58299,-316.53046622245745,137.68202209472656,255.04019454152962,0.050000000000000044,True
ddqn_per,17,241,58409,-477.8984735274572,138.08868408203125,257.89635550759056,0.050000000000000044,True
ddqn_per,17,242,58575,-290.97470677028207,142.67823791503906,253.86276557646602,0.050000000000000044,True
ddqn_per,17,243,58674,-334.2881280812074,143.05455017089844,258.71299389155223,0.050000000000000044,True
ddqn_per,17,244,58780,-245.05180261922735,142.62615966796875,259.9782697569649,0.050000000000000044,True
ddqn_per,17,245,58856,-170.08220939633983,143.4079132080078,263.77689421804325,0.050000000000000044,True
ddqn_per,17,246,58947,-384.89123790102116,141.45156860351562,260.75582483312587,0.050000000000000044,True
ddqn_per,17,247,59048,-314.8710743899252,147.3330535888672,261.0001610482093,0.050000000000000044,True
ddqn_per,17,248,59185,-479.4166621036778,147.04510498046875,262.1528748004106,0.050000000000000044,True
ddqn_per,17,249,59290,-396.3733517897468,147.35755920410156,262.7818126860119,0.050000000000000044,True
ddqn_per,17,250,59393,-325.3407053881564,147.55294799804688,264.7075941956159,0.050000000000000044,True
ddqn_per,17,251,59478,-338.36907517768964,147.6079559326172,269.36913039263555,0.050000000000000044,True
ddqn_per,17,252,59572,-435.7787795308804,151.05833435058594,267.70993350414517,0.050000000000000044,True
ddqn_per,17,253,59688,-443.6030824896065,150.10537719726562,259.1899782378098,0.050000000000000044,True
ddqn_per,17,254,59785,-338.30242019788545,150.2288818359375,266.37452210101884,0.050000000000000044,True
ddqn_per,17,255,59895,-322.5448003196709,150.15762329101562,263.068915904652,0.050000000000000044,True
ddqn_per,17,256,59996,-301.9747330129452,150.017578125,258.94025186973045,0.050000000000000044,True
ddqn_per,17,257,60090,-262.92195109634645,154.8544464111328,258.47804958262344,0.050000000000000044,True
ddqn_per,17,258,60202,-354.04450009681136,156.03802490234375,272.83589921678816,0.050000000000000044,True
ddqn_per,17,259,60284,-371.6595255380693,155.80433654785156,270.0843623091535,0.050000000000000044,True
ddqn_per,17,260,60394,-307.49885775011285,154.91920471191406,263.9351031216708,0.050000000000000044,True
ddqn_per,17,261,60477,-255.7493213797709,155.84823608398438,260.8520564803158,0.050000000000000044,True
ddqn_per,17,262,60593,-265.2221714983059,159.8454132080078,275.8534038149077,0.050000000000000044,True
ddqn_per,17,263,60717,-361.4616993975071,157.71304321289062,266.6194227895429,0.050000000000000044,True
ddqn_per,17,264,60881,-461.34027767300074,158.50192260742188,269.4657977034406,0.050000000000000044,True
ddqn_per,17,265,60991,-561.8417763134605,158.38369750976562,270.5832921808416,0.050000000000000044,True
ddqn_per,17,266,61080,-313.1717721237567,161.6278839111328,281.3690545585718,0.050000000000000044,True
ddqn_per,17,267,61171,-380.11337479524076,163.2613525390625,276.3759309538118,0.050000000000000044,True
ddqn_per,17,268,61264,-312.74314372864046,161.88865661621094,279.53921902564264,0.050000000000000044,True
ddqn_per,17,269,61363,-322.84242765007343,161.68621826171875,274.76508354418206,0.050000000000000044,True
ddqn_per,17,270,61479,-339.47554932096966,161.9565887451172,272.84173873375204,0.050000000000000044,True
ddqn_per,17,271,61575,-310.42468891856345,166.29168701171875,281.5910261472066,0.050000000000000044,True
ddqn_per,17,272,61775,-389.74087408662496,165.63006591796875,276.83588928222656,0.050000000000000044,True
ddqn_per,17,273,61866,-285.4343830524085,168.42791748046875,285.02857568761806,0.050000000000000044,True
ddqn_per,17,274,61966,-331.6932640247393,167.32533264160156,280.7256414794922,0.050000000000000044,True
ddqn_per,17,275,62134,-390.32916831385035,172.96994018554688,274.254874819801,0.050000000000000044,True
ddqn_per,17,276,62235,-392.2096642184188,170.64076232910156,278.21506809952234,0.050000000000000044,True
ddqn_per,17,277,62316,-317.3937617877476,173.00172424316406,285.2490533899378,0.050000000000000044,True
ddqn_per,17,278,62411,-319.61702810361913,171.90274047851562,283.8350520083779,0.050000000000000044,True
ddqn_per,17,279,62499,-251.452038702285,170.32681274414062,277.56154303117233,0.050000000000000044,True
ddqn_per,17,280,62589,-365.5135924996982,175.61167907714844,282.7241877237956,0.050000000000000044,True
ddqn_per,17,281,62815,-109.99919141544878,175.10406494140625,280.4917171782097,0.050000000000000044,True
ddqn_per,17,282,62888,-324.68011902113494,176.30300903320312,277.5144879066781,0.050000000000000044,True
ddqn_per,17,283,62991,-305.72274556829274,173.97308349609375,283.34035173434654,0.050000000000000044,True
ddqn_per,17,284,63076,-46.061515729620936,178.38092041015625,278.88327295639937,0.050000000000000044,True
ddqn_per,17,285,63199,-341.62837807785877,178.0721435546875,284.8283749712192,0.050000000000000044,True
ddqn_per,17,286,63300,-348.5698097718745,180.34793090820312,289.56263325001936,0.050000000000000044,True
ddqn_per,17,287,63404,-307.3888088766655,179.10601806640625,282.25198965806226,0.050000000000000044,True
ddqn_per,17,288,63485,-341.30466171338793,179.74098205566406,289.0173430266204,0.050000000000000044,True
ddqn_per,17,289,63604,-499.45307893591144,181.9681854248047,290.2672542283515,0.050000000000000044,True
ddqn_per,17,290,63717,-391.0069372131998,181.04644775390625,282.3738965059804,0.050000000000000044,True
ddqn_per,17,291,63814,-368.5043667179308,179.66690063476562,286.7489559527525,0.050000000000000044,True
ddqn_per,17,292,63931,-342.49868807291875,181.23500061035156,291.30977245885083,0.050000000000000044,True
ddqn_per,17,293,64095,-474.8961804910679,188.30638122558594,291.8782872455876,0.050000000000000044,True
ddqn_per,17,294,64191,-279.9255591324902,185.23861694335938,286.57163254419964,0.050000000000000044,True
ddqn_per,17,295,64274,-488.68663938482064,184.58181762695312,296.0670063064759,0.050000000000000044,True
ddqn_per,17,296,64373,-432.8955484873735,183.75843811035156,291.28952719948506,0.050000000000000044,True
ddqn_per,17,297,64448,-338.21327532627646,185.0545654296875,293.8429425048828,0.050000000000000044,True
ddqn_per,17,298,64564,-423.6545471862335,187.8292999267578,294.0327764050714,0.050000000000000044,True
ddqn_per,17,299,64661,-420.15483429783956,188.99464416503906,291.87725893000965,0.050000000000000044,True
ddqn_per,17,300,64754,-305.11093561271576,190.15306091308594,289.1794581259451,0.050000000000000044,True
ddqn_per,17,301,64887,-362.4605996905017,188.62940979003906,287.2986802409466,0.050000000000000044,True
ddqn_per,17,302,64994,-375.2388161592793,189.47589111328125,294.72229503025517,0.050000000000000044,True
ddqn_per,17,303,65093,-378.40399548392384,191.94866943359375,301.0897688432173,0.050000000000000044,True
ddqn_per,17,304,65197,-369.3895774264724,190.93966674804688,299.6290887685922,0.050000000000000044,True
ddqn_per,17,305,65323,-419.83287084795097,191.9208526611328,295.0403089977446,0.050000000000000044,True
ddqn_per,17,306,65455,-575.1718993373293,191.12948608398438,297.26788827144736,0.050000000000000044,True
ddqn_per,17,307,65573,-589.2804645123007,196.71163940429688,305.44565052097124,0.050000000000000044,True
ddqn_per,17,308,65689,-352.8279723670747,199.97845458984375,300.13717467209386,0.050000000000000044,True
ddqn_per,17,309,65798,-435.6694962341128,199.02325439453125,307.1064408328555,0.050000000000000044,True
ddqn_per,17,310,66028,-499.2150447360482,201.10317993164062,300.9227939108144,0.050000000000000044,True
ddqn_per,17,311,66151,-423.5932414481079,201.17547607421875,305.2300907538189,0.050000000000000044,True
ddqn_per,17,312,66313,-289.81798028325613,201.5323028564453,297.417827276536,0.050000000000000044,True
ddqn_per,17,313,66448,-613.8722016345409,200.68582153320312,299.8554581253617,0.050000000000000044,True
ddqn_per,17,314,66544,-384.48474265754373,206.19679260253906,311.68187793095905,0.050000000000000044,True
ddqn_per,17,315,66652,-404.6628911530795,203.33050537109375,309.69954963966654,0.050000000000000044,True
ddqn_per,17,316,66745,-412.4422535728401,203.73471069335938,313.369139476489,0.050000000000000044,True
ddqn_per,17,317,66841,-271.0032373270283,204.2322235107422,307.5883599917094,0.050000000000000044,True
ddqn_per,17,318,66967,-353.08579776635827,203.45716857910156,307.5460942586263,0.050000000000000044,True
ddqn_per,17,319,67092,-570.585531921824,209.2651824951172,309.9393446044922,0.050000000000000044,True
ddqn_per,17,320,67199,-495.59108159353536,207.45599365234375,306.9471079033112,0.050000000000000044,True
ddqn_per,17,321,67345,-284.98963745361397,208.08425903320312,312.11916184098754,0.050000000000000044,True
ddqn_per,17,322,67442,-306.7038592403508,206.7919921875,309.0245743584387,0.050000000000000044,True
ddqn_per,17,323,67523,-337.806216684662,208.88848876953125,322.44877059371385,0.050000000000000044,True
ddqn_per,17,324,67643,-321.56907802674493,212.75527954101562,319.45311571757,0.050000000000000044,True
ddqn_per,17,325,67730,-383.57595995118857,210.3510284423828,317.57385131134384,0.050000000000000044,True
ddqn_per,17,326,67855,-443.7679909466672,211.02784729003906,323.9910487060547,0.050000000000000044,True
ddqn_per,17,327,67981,-345.6579812242812,210.734375,321.88338046603735,0.050000000000000044,True
ddqn_per,17,328,68095,-346.9199358538873,214.95785522460938,311.4039101851614,0.050000000000000044,True
ddqn_per,17,329,68204,-420.52285854231303,215.1805877685547,319.6767460534332,0.050000000000000044,True
ddqn_per,17,330,68318,-576.9862570101113,214.70191955566406,322.02191617196064,0.050000000000000044,True
ddqn_per,17,331,68416,-359.0782190709351,216.4488525390625,318.2605077003946,0.050000000000000044,True
ddqn_per,17,332,68500,-351.7363648922798,215.73696899414062,329.58056150163924,0.050000000000000044,True
ddqn_per,17,333,68608,-328.3372773279955,218.9687042236328,314.1134760821307,0.050000000000000044,True
ddqn_per,17,334,68702,-368.92786110784584,221.15943908691406,313.72563463576296,0.050000000000000044,True
ddqn_per,17,335,68794,-424.82957580417997,219.44906616210938,325.577425915262,0.050000000000000044,True
ddqn_per,17,336,68877,-347.5360660278393,216.75839233398438,321.9933675743011,0.050000000000000044,True
ddqn_per,17,337,68963,-427.22481302119894,218.4730987548828,321.1551004454147,0.050000000000000044,True
ddqn_per,17,338,69068,-390.083978568148,224.95986938476562,318.64224882579987,0.050000000000000044,True
ddqn_per,17,339,69192,-418.75944270557335,222.6973114013672,318.7666440163889,0.050000000000000044,True
ddqn_per,17,340,69272,-340.62447937523194,225.65562438964844,339.18980369567873,0.050000000000000044,True
ddqn_per,17,341,69384,-549.7553783107408,222.06280517578125,329.09050273895264,0.050000000000000044,True
ddqn_per,17,342,69477,-392.1536964943424,223.85023498535156,330.3134055188907,0.050000000000000044,True
ddqn_per,17,343,69579,-473.4836175379992,228.5897216796875,334.4624588910271,0.050000000000000044,True
ddqn_per,17,344,69689,-378.9415284965246,225.27516174316406,327.5038338401101,0.050000000000000044,True
ddqn_per,17,345,69776,-359.71567586645637,227.4201202392578,332.0869070469648,0.050000000000000044,True
ddqn_per,17,346,69887,-412.1517606514933,227.48062133789062,330.6431910884273,0.050000000000000044,True
ddqn_per,17,347,70017,-396.1861339016622,225.8095703125,325.7474614070012,0.050000000000000044,True
ddqn_per,17,348,70124,-430.4103380845003,229.3408966064453,341.80407344069437,0.050000000000000044,True
ddqn_per,17,349,70224,-433.2345992667148,230.1283721923828,329.76248748779295,0.050000000000000044,True
ddqn_per,17,350,70308,-380.7273586111143,228.09812927246094,338.8331069946289,0.050000000000000044,True
ddqn_per,17,351,70393,-447.9322871608817,227.36529541015625,335.69223812327664,0.050000000000000044,True
ddqn_per,17,352,70525,-409.5182822961432,232.73367309570312,334.13345452510947,0.050000000000000044,True
ddqn_per,17,353,70640,-487.88694396497294,234.04898071289062,337.5574257228686,0.050000000000000044,True
ddqn_per,17,354,70726,-355.74402083235384,231.5555419921875,334.8922919339912,0.050000000000000044,True
ddqn_per,17,355,70814,-381.7319099951061,231.9688262939453,347.67195545543325,0.050000000000000044,True
ddqn_per,17,356,70913,-433.9062252226647,234.53138732910156,340.81243819419785,0.050000000000000044,True
ddqn_per,17,357,71028,-247.0900030225543,236.2182159423828,331.9911829409392,0.050000000000000044,True
ddqn_per,17,358,71127,-467.99378078376674,237.01980590820312,337.75270882038154,0.050000000000000044,True
ddqn_per,17,359,71241,-400.5884518319181,233.58575439453125,333.43612095347623,0.050000000000000044,True
ddqn_per,17,360,71311,-389.27659064053887,236.3583221435547,344.55394592285154,0.050000000000000044,True
ddqn_per,17,361,71406,-529.7104815889088,237.56593322753906,342.7563193873355,0.050000000000000044,True
ddqn_per,17,362,71520,-434.5867869734869,240.31475830078125,333.89031232867325,0.050000000000000044,True
ddqn_per,17,363,71631,-564.8970923073371,240.68218994140625,342.3027819384326,0.050000000000000044,True
ddqn_per,17,364,71744,-365.5948643782192,238.80929565429688,342.29506528061046,0.050000000000000044,True
ddqn_per,17,365,71884,-475.19004398752975,241.83909606933594,343.41287776402066,0.050000000000000044,True
ddqn_per,17,366,71989,-463.5045232878806,240.23297119140625,345.948055594308,0.050000000000000044,True
ddqn_per,17,367,72093,-490.41000666887106,239.4254150390625,344.41693570063666,0.050000000000000044,True
ddqn_per,17,368,72189,-477.40171125543384,243.60922241210938,348.51803334554035,0.050000000000000044,True
ddqn_per,17,369,72314,-466.2145054425196,245.07762145996094,342.76491748046874,0.050000000000000044,True
ddqn_per,17,370,72406,-438.37405227062743,245.7004852294922,352.5626928909965,0.050000000000000044,True
ddqn_per,17,371,72529,-667.6499013309738,248.30633544921875,351.25977219992535,0.050000000000000044,True
ddqn_per,17,372,72624,-483.4669687621655,247.43121337890625,350.2016935649671,0.050000000000000044,True
ddqn_per,17,373,72725,-534.2663955580438,246.05628967285156,356.29636617226174,0.050000000000000044,True
ddqn_per,17,374,72844,-411.0743856006987,247.56375122070312,354.3462375672925,0.050000000000000044,True
ddqn_per,17,375,72964,-506.51059317555246,246.62823486328125,354.3499422709147,0.050000000000000044,True
ddqn_per,17,376,73072,-489.3348154639132,250.9046630859375,354.4287069815177,0.050000000000000044,True
ddqn_per,17,377,73171,-299.27393105450216,248.52508544921875,354.4108939122672,0.050000000000000044,True
ddqn_per,17,378,73263,-378.08515629017097,249.5067138671875,354.9321826437245,0.050000000000000044,True
ddqn_per,17,379,73359,-508.3687367270226,249.19100952148438,359.2939147949219,0.050000000000000044,True
ddqn_per,17,380,73464,-486.2219214462904,249.28160095214844,347.31364004952565,0.050000000000000044,True
ddqn_per,17,381,73550,-371.73783473046433,252.20291137695312,355.61607680209846,0.050000000000000044,True
ddqn_per,17,382,73634,-299.27521185943743,254.57601928710938,354.7012252807617,0.050000000000000044,True
ddqn_per,17,383,73739,-323.3214653454221,253.40975952148438,352.8484232584635,0.050000000000000044,True
ddqn_per,17,384,73840,-522.1400025143296,252.24365234375,357.6355757005144,0.050000000000000044,True
ddqn_per,17,385,73952,-547.8888334843489,252.60301208496094,350.0603921072824,0.050000000000000044,True
ddqn_per,17,386,74057,-385.3652100609555,257.61651611328125,358.26798938569567,0.050000000000000044,True
ddqn_per,17,387,74153,-463.8060164913835,255.47706604003906,364.32435544331867,0.050000000000000044,True
ddqn_per,17,388,74264,-426.35523083121933,258.66131591796875,366.17361065288924,0.050000000000000044,True
ddqn_per,17,389,74348,-425.59248945220196,255.73631286621094,364.24922943115234,0.050000000000000044,True
ddqn_per,17,390,74441,-510.6889486902067,255.34840393066406,363.73003887873824,0.050000000000000044,True
ddqn_per,17,391,74524,-517.9841798322657,264.0326232910156,367.91197222973926,0.050000000000000044,True
ddqn_per,17,392,74601,-377.73375813380864,259.583251953125,373.61311716847604,0.050000000000000044,True
ddqn_per,17,393,74676,-421.93002634193556,263.4062805175781,371.5095292154948,0.050000000000000044,True
ddqn_per,17,394,74773,-370.89531027397476,261.5830993652344,377.43848867514697,0.050000000000000044,True
ddqn_per,17,395,74879,-433.76696829460036,264.9715576171875,365.1674408822689,0.050000000000000044,True
ddqn_per,17,396,74966,-498.81053129991545,261.17596435546875,373.72259521484375,0.050000000000000044,True
ddqn_per,17,397,75068,-448.48246937346505,263.2854309082031,370.4786481670305,0.050000000000000044,True
ddqn_per,17,398,75162,-485.5004529604135,264.88885498046875,371.72776242519944,0.050000000000000044,True
ddqn_per,17,399,75260,-414.87583887911387,262.99090576171875,378.14881928113044,0.050000000000000044,True
ddqn_per,17,400,75354,-468.7837974508688,265.6163024902344,375.5874536392537,0.050000000000000044,True
ddqn_per,17,401,75457,-437.26635172093427,266.6571960449219,377.0102355364457,0.050000000000000044,True
ddqn_per,17,402,75560,-489.25545511107157,267.65997314453125,371.4700462563524,0.050000000000000044,True
ddqn_per,17,403,75674,-539.5494484963108,268.69696044921875,370.7329738683868,0.050000000000000044,True
ddqn_per,17,404,75798,-466.3247112056501,270.75,372.45118467269407,0.050000000000000044,True
ddqn_per,17,405,75892,-464.7853687881823,265.93487548828125,375.1867761814848,0.050000000000000044,True
ddqn_per,17,406,75989,-356.9206124101688,268.26220703125,372.6059999760893,0.050000000000000044,True
ddqn_per,17,407,76101,-515.6125392368656,274.6418762207031,378.35863249642506,0.050000000000000044,True
ddqn_per,17,408,76193,-379.7565723875891,272.4483337402344,386.7289985988451,0.050000000000000044,True
ddqn_per,17,409,76292,-440.2880003891343,274.93585205078125,375.91111739958177,0.050000000000000044,True
ddqn_per,17,410,76397,-440.0255961525646,274.8927307128906,376.27119518461683,0.050000000000000044,True
ddqn_per,17,411,76499,-406.2348780209931,273.3689880371094,372.43064641017537,0.050000000000000044,True
ddqn_per,17,412,76604,-484.0088413497885,277.705078125,374.9740458170573,0.050000000000000044,True
ddqn_per,17,413,76697,-409.661256696898,275.843017578125,379.6210455125378,0.050000000000000044,True
ddqn_per,17,414,76800,-360.5345022613619,278.33868408203125,372.94709674131525,0.050000000000000044,True
ddqn_per,17,415,76877,-424.63105493359814,279.83380126953125,377.1933411437196,0.050000000000000044,True
ddqn_per,17,416,76981,-464.7115416789559,277.3121032714844,383.55338874230017,0.050000000000000044,True
ddqn_per,17,417,77072,-448.3002493568548,278.0980224609375,375.26220367766996,0.050000000000000044,True
ddqn_per,17,418,77175,-396.49383588773446,280.3513488769531,379.9650194482896,0.050000000000000044,True
ddqn_per,17,419,77285,-606.6134448155983,280.7323913574219,389.21735812100496,0.050000000000000044,True
ddqn_per,17,420,77393,-489.0920679439289,279.1194152832031,377.84281751844617,0.050000000000000044,True
ddqn_per,17,421,77471,-232.87576007737167,280.00604248046875,374.33247531988684,0.050000000000000044,True
ddqn_per,17,422,77558,-408.3459515718754,284.0125732421875,372.53308386090157,0.050000000000000044,True
ddqn_per,17,423,77639,-470.53033068632135,284.2759704589844,383.96486164611065,0.050000000000000044,True
ddqn_per,17,424,77747,-514.9724867694467,285.0244445800781,382.20977105034723,0.050000000000000044,True
ddqn_per,17,425,77862,-522.7503261105383,284.30389404296875,380.20601939325746,0.050000000000000044,True
ddqn_per,17,426,77943,-494.9703243578906,285.8734436035156,379.0043949080102,0.050000000000000044,True
ddqn_per,17,427,78064,-512.7119969122157,288.3272705078125,386.1534713871223,0.050000000000000044,True
ddqn_per,17,428,78151,-369.8929279166797,289.41156005859375,392.68035713283496,0.050000000000000044,True
ddqn_per,17,429,78254,-477.94712371082915,287.0487060546875,380.661364509064,0.050000000000000044,True
ddqn_per,17,430,78353,-414.9957702323738,288.70440673828125,378.391501070273,0.050000000000000044,True
ddqn_per,17,431,78457,-543.9225924715854,286.9666748046875,375.4741366459773,0.050000000000000044,True
ddqn_per,17,432,78555,-488.06335111461163,291.28460693359375,387.1664705860371,0.050000000000000044,True
ddqn_per,17,433,78634,-422.27903737519847,291.96807861328125,385.19598543191256,0.050000000000000044,True
ddqn_per,17,434,78751,-528.0968915517371,290.8672180175781,390.73702403011487,0.050000000000000044,True
ddqn_per,17,435,78837,-368.0710811578818,296.59698486328125,386.25661379791967,0.050000000000000044,True
ddqn_per,17,436,78914,-434.03817418077443,294.1270446777344,393.64901852298095,0.050000000000000044,True
ddqn_per,17,437,79022,-553.4822397333659,296.159912109375,385.37809499104816,0.050000000000000044,True
ddqn_per,17,438,79114,-405.71504141465266,298.4341735839844,394.91819862697434,0.050000000000000044,True
ddqn_per,17,439,79206,-525.3984497268018,297.4432373046875,389.5129464190939,0.050000000000000044,True
ddqn_per,17,440,79291,-426.5479374397416,297.8465270996094,395.30058198816636,0.050000000000000044,True
ddqn_per,17,441,79388,-513.5997545716517,296.45074462890625,390.78730506503706,0.050000000000000044,True
ddqn_per,17,442,79490,-517.7931475826535,298.74365234375,388.5639029110179,0.050000000000000044,True
ddqn_per,17,443,79588,-428.49647644304275,303.6881408691406,395.781107065629,0.050000000000000044,True
ddqn_per,17,444,79672,-450.1062140196849,304.112548828125,398.9215258643741,0.050000000000000044,True
ddqn_per,17,445,79780,-395.51324508790793,303.6374206542969,400.3271947790075,0.050000000000000044,True
ddqn_per,17,446,79894,-396.8046290168137,302.596923828125,406.86604844478137,0.050000000000000044,True
ddqn_per,17,447,79998,-503.3049200402038,301.9239196777344,402.680352137639,0.050000000000000044,True
ddqn_per,17,448,80098,-495.2485861241479,304.8363037109375,387.44630157470704,0.050000000000000044,True
ddqn_per,17,449,80185,-269.1093453788249,306.104736328125,400.36188726315555,0.050000000000000044,True
ddqn_per,17,450,80297,-465.4962114504226,305.138916015625,398.27235685076033,0.050000000000000044,True
ddqn_per,17,451,80386,-471.3877564226417,306.5340881347656,406.34400031271946,0.050000000000000044,True
ddqn_per,17,452,80464,-420.3564054130003,306.18048095703125,405.4433335524339,0.050000000000000044,True
ddqn_per,17,453,80543,-476.02047645958567,312.0810852050781,394.595314508752,0.050000000000000044,True
ddqn_per,17,454,80630,-373.7955496506709,310.78399658203125,405.98978959006826,0.050000000000000044,True
ddqn_per,17,455,80700,-382.5657536908096,312.29150390625,400.15762111118863,0.050000000000000044,True
ddqn_per,17,456,80787,-365.1871160646262,312.8874206542969,393.4532593474991,0.050000000000000044,True
ddqn_per,17,457,80879,-541.2828025007052,311.60479736328125,401.557349163553,0.050000000000000044,True
ddqn_per,17,458,80972,-481.8640279096801,312.0556640625,402.90677733062415,0.050000000000000044,True
ddqn_per,17,459,81058,-317.26715342642456,316.7812194824219,381.27687179210574,0.050000000000000044,True
ddqn_per,17,460,81144,-458.48695055209674,316.6829833984375,385.9617046977198,0.050000000000000044,True
ddqn_per,17,461,81240,-458.10943070831155,318.3305969238281,404.38326994578046,0.050000000000000044,True
ddqn_per,17,462,81323,-401.38209463390075,318.0625,399.5726638242423,0.050000000000000044,True
ddqn_per,17,463,81411,-528.8318488959627,317.9609069824219,413.4143212058327,0.050000000000000044,True
ddqn_per,17,464,81513,-523.5941022867448,325.8303527832031,399.10083187327666,0.050000000000000044,True
ddqn_per,17,465,81617,-485.7799313430826,322.3045959472656,403.33295587392956,0.050000000000000044,True
ddqn_per,17,466,81721,-471.1856227392777,322.2080078125,401.3887669489934,0.050000000000000044,True
ddqn_per,17,467,81805,-467.9847542277419,323.5328063964844,406.3968258812314,0.050000000000000044,True
ddqn_per,17,468,81892,-374.1608928678418,323.05780029296875,407.9845468806124,0.050000000000000044,True
ddqn_per,17,469,81990,-519.4285887223992,323.0771179199219,405.235971878986,0.050000000000000044,True
ddqn_per,17,470,82081,-309.9166524939953,327.43194580078125,403.29671402815933,0.050000000000000044,True
ddqn_per,17,471,82201,-502.34037233560804,328.39569091796875,399.31100845336914,0.050000000000000044,True
ddqn_per,17,472,82279,-461.9526512270627,326.4032287597656,403.4311233911759,0.050000000000000044,True
ddqn_per,17,473,82379,-503.1493664630642,326.7999267578125,409.31655853271485,0.050000000000000044,True
ddqn_per,17,474,82485,-511.0283061292929,326.5137634277344,402.7316439646595,0.050000000000000044,True
ddqn_per,17,475,82602,-547.4588428928532,325.9472961425781,410.00494358682226,0.050000000000000044,True
ddqn_per,17,476,82709,-533.811809167036,326.3408508300781,393.88129717390115,0.050000000000000044,True
ddqn_per,17,477,82795,-511.9386893926437,328.5557556152344,392.19795262536337,0.050000000000000044,True
ddqn_per,17,478,82897,-504.60459169450843,327.6801452636719,405.393663892559,0.050000000000000044,True
ddqn_per,17,479,82999,-530.4063799866292,330.84100341796875,399.96371400122547,0.050000000000000044,True
ddqn_per,17,480,83081,-468.0993475131028,334.9018859863281,412.2935303478706,0.050000000000000044,True
ddqn_per,17,481,83168,-549.5775077300327,336.1333312988281,418.3205327878053,0.050000000000000044,True
ddqn_per,17,482,83281,-471.5512087085306,335.7171936035156,408.6256019794835,0.050000000000000044,True
ddqn_per,17,483,83373,-463.80321704370317,332.5328369140625,407.2762908935547,0.050000000000000044,True
ddqn_per,17,484,83479,-537.9130007239448,336.00640869140625,401.8681243320681,0.050000000000000044,True
ddqn_per,17,485,83553,-521.3698490303844,339.7554016113281,421.3675949509079,0.050000000000000044,True
ddqn_per,17,486,83623,-572.9921049632642,336.6540222167969,419.4073765345982,0.050000000000000044,True
ddqn_per,17,487,83698,-495.19862119658535,337.3814697265625,417.52721516927085,0.050000000000000044,True
ddqn_per,17,488,83806,-428.8827910935528,336.89422607421875,415.8635660807292,0.050000000000000044,True
ddqn_per,17,489,83903,-522.4984302098941,336.1914978027344,417.76697972877736,0.050000000000000044,True
ddqn_per,17,490,83993,-469.896295382806,335.42523193359375,415.7392808702257,0.050000000000000044,True
ddqn_per,17,491,84067,-484.63544322840227,337.7869567871094,425.56402876570417,0.050000000000000044,True
ddqn_per,17,492,84157,-357.56093798676596,338.3122253417969,417.2761172824436,0.050000000000000044,True
ddqn_per,17,493,84259,-287.03293323277046,339.2646484375,413.8751053155637,0.050000000000000044,True
ddqn_per,17,494,84368,-467.09466438039567,341.41070556640625,421.23076132678113,0.050000000000000044,True
ddqn_per,17,495,84438,-591.8013967418001,340.2035217285156,425.2877275739397,0.050000000000000044,True
ddqn_per,17,496,84540,-510.88052643886084,344.7589111328125,421.0186330757889,0.050000000000000044,True
ddqn_per,17,497,84639,-489.04542345660946,341.5252380371094,414.72213960898046,0.050000000000000044,True
ddqn_per,17,498,84732,-527.0973166819738,344.71905517578125,418.92138901577204,0.050000000000000044,True
ddqn_per,17,499,84808,-440.70320357405933,344.61456298828125,425.7866347463507,0.050000000000000044,True
ddqn_per,17,500,84877,-622.3923820387305,343.1778259277344,422.80243716032606,0.050000000000000044,True
ddqn_per,17,501,84953,-496.9979380043929,343.574951171875,426.76299928364,0.050000000000000044,True
ddqn_per,17,502,85056,-505.27392222014186,350.03143310546875,427.29426974694707,0.050000000000000044,True
ddqn_per,17,503,85162,-475.74204332491024,353.1689758300781,427.7935742072339,0.050000000000000044,True
ddqn_per,17,504,85251,-545.0439450106473,349.5623474121094,421.989071620984,0.050000000000000044,True
ddqn_per,17,505,85335,-612.0579518034618,350.0726318359375,423.0375751313709,0.050000000000000044,True
ddqn_per,17,506,85397,-474.0675045298478,350.6067199707031,419.33064959126136,0.050000000000000044,True
ddqn_per,17,507,85470,-449.8797540548668,351.165771484375,424.72968825248824,0.050000000000000044,True
ddqn_per,17,508,85549,-621.3246440541152,353.1399230957031,423.90169399599483,0.050000000000000044,True
ddqn_per,17,509,85621,-360.5367367890771,356.0503234863281,420.37338723076715,0.050000000000000044,True
ddqn_per,17,510,85728,-530.3510202854239,355.5262145996094,417.48328891647196,0.050000000000000044,True
ddqn_per,17,511,85805,-440.5352566878363,351.6164855957031,428.4068084320465,0.050000000000000044,True
ddqn_per,17,512,85909,-428.28952149558677,353.27386474609375,427.9833852327787,0.050000000000000044,True
ddqn_per,17,513,85978,-358.13763731680285,352.616943359375,426.6274931534477,0.050000000000000044,True
ddqn_per,17,514,86049,-443.52985481192655,357.2275695800781,417.9362870337258,0.050000000000000044,True
ddqn_per,17,515,86154,-409.36244992338055,357.7777099609375,430.14525611514136,0.050000000000000044,True
ddqn_per,17,516,86237,-428.843614234327,356.16070556640625,435.0600442541651,0.050000000000000044,True
ddqn_per,17,517,86308,-433.47728243070884,357.9389953613281,427.94376512984155,0.050000000000000044,True
ddqn_per,17,518,86408,-443.8733288120038,358.9860534667969,433.0172360229492,0.050000000000000044,True
ddqn_per,17,519,86478,-478.5927600220638,357.02301025390625,436.50263061523435,0.050000000000000044,True
ddqn_per,17,520,86565,-373.49304049875025,361.19512939453125,421.73052978515625,0.050000000000000044,True
ddqn_per,17,521,86677,-427.72765042182095,362.634033203125,428.2284780229841,0.050000000000000044,True
ddqn_per,17,522,86803,-359.74991350536993,358.2503662109375,427.25267537434894,0.050000000000000044,True
ddqn_per,17,523,86924,-282.3941960278624,360.9955749511719,420.8251448702221,0.050000000000000044,True
ddqn_per,17,524,87000,-414.8742114669098,361.4585266113281,434.8524583515368,0.050000000000000044,True
ddqn_per,17,525,87073,-573.1276116297303,364.4783630371094,429.49820531557685,0.050000000000000044,True
ddqn_per,17,526,87136,-422.1057130549036,363.8589782714844,445.46123783172123,0.050000000000000044,True
ddqn_per,17,527,87203,-578.1382672041555,365.9238586425781,434.343274927851,0.050000000000000044,True
ddqn_per,17,528,87280,-498.55884357894627,363.7988586425781,433.99123313210225,0.050000000000000044,True
ddqn_per,17,529,87369,-474.4166173833241,366.3327331542969,427.11947288941803,0.050000000000000044,True
ddqn_per,17,530,87448,-540.6123316086118,365.7574157714844,420.3755481575109,0.050000000000000044,True
ddqn_per,17,531,87547,-457.59389271869145,368.2486572265625,425.69719133473404,0.050000000000000044,True
ddqn_per,17,532,87619,-422.29351625181664,369.009521484375,430.5225546095106,0.050000000000000044,True
ddqn_per,17,533,87727,-475.7505830711994,366.29412841796875,427.05420939127606,0.050000000000000044,True
ddqn_per,17,534,87835,-464.90469437399906,367.8592224121094,436.33437686496313,0.050000000000000044,True
ddqn_per,17,535,87947,-456.14825489400374,368.863525390625,436.55508722577775,0.050000000000000044,True
ddqn_per,17,536,88020,-498.45742413303344,364.9620056152344,427.0421861622431,0.050000000000000044,True
ddqn_per,17,537,88125,-419.75206005068316,368.01483154296875,431.45313139415924,0.050000000000000044,True
ddqn_per,17,538,88210,-503.8501369909827,369.55157470703125,434.51863798253675,0.050000000000000044,True
ddqn_per,17,539,88297,-414.02443595903213,369.3909912109375,440.2608333894576,0.050000000000000044,True
ddqn_per,17,540,88397,-509.1709480586102,369.2375793457031,432.50342834472656,0.050000000000000044,True
ddqn_per,17,541,88478,-450.48926200180057,370.436767578125,429.03423281069155,0.050000000000000044,True
ddqn_per,17,542,88548,-414.6549704324578,377.737548828125,441.34981820242746,0.050000000000000044,True
ddqn_per,17,543,88654,-427.6637128754621,374.3855895996094,442.0382129021411,0.050000000000000044,True
ddqn_per,17,544,88747,-461.30594841980843,374.96014404296875,439.89357043850805,0.050000000000000044,True
ddqn_per,17,545,88860,-402.28038122192095,375.8145446777344,431.6664147841192,0.050000000000000044,True
ddqn_per,17,546,88965,-331.97526749704684,375.14044189453125,425.57089349655877,0.050000000000000044,True
ddqn_per,17,547,89052,-459.76295646133997,376.3194885253906,434.021048710264,0.050000000000000044,True
ddqn_per,17,548,89167,-391.6719177234734,377.07843017578125,421.9924650772758,0.050000000000000044,True
ddqn_per,17,549,89269,-458.76663934256106,376.9737243652344,421.56497790766696,0.050000000000000044,True
ddqn_per,17,550,89346,-427.60376290571037,377.94140625,425.36463195008116,0.050000000000000044,True
ddqn_per,17,551,89412,-436.4631569471514,379.03265380859375,438.4659876967921,0.050000000000000044,True
ddqn_per,17,552,89484,-444.2553331260728,376.79351806640625,430.7201512654622,0.050000000000000044,True
ddqn_per,17,553,89573,-473.6569960347839,378.1590576171875,425.8153360774008,0.050000000000000044,True
ddqn_per,17,554,89680,-449.9108953309785,378.8782958984375,430.9780324775482,0.050000000000000044,True
ddqn_per,17,555,89753,-346.2073960857416,379.6724548339844,428.2116113950128,0.050000000000000044,True
ddqn_per,17,556,89856,-338.8007079429194,377.6197509765625,433.68907595143736,0.050000000000000044,True
ddqn_per,17,557,89953,-371.3956883945819,378.1997375488281,433.1051610573051,0.050000000000000044,True
ddqn_per,17,558,90036,-433.13870623488583,379.1470947265625,428.7163453619164,0.050000000000000044,True
ddqn_per,17,559,90121,-442.4764131265388,381.0655212402344,431.1112351361443,0.050000000000000044,True
ddqn_per,17,560,90218,-434.47705436596584,380.824951171875,421.6346677799815,0.050000000000000044,True
ddqn_per,17,561,90296,-432.24852991521857,382.2070007324219,415.8571163079678,0.050000000000000044,True
ddqn_per,17,562,90374,-472.82504593184984,384.2264099121094,422.7367937136919,0.050000000000000044,True
ddqn_per,17,563,90467,-453.0068329462558,382.90789794921875,420.0852789109753,0.050000000000000044,True
ddqn_per,17,564,90554,-416.29560132123765,386.8922119140625,424.4193862388874,0.050000000000000044,True
ddqn_per,17,565,90671,-295.86604190162143,385.8547668457031,415.7264599922376,0.050000000000000044,True
ddqn_per,17,566,90777,-503.90698579648864,386.747314453125,424.7638276298091,0.050000000000000044,True
ddqn_per,17,567,90854,-390.1239539451876,387.5814514160156,417.3394446434913,0.050000000000000044,True
ddqn_per,17,568,90942,-420.93423302071693,386.668212890625,420.54029880870473,0.050000000000000044,True
ddqn_per,17,569,91021,-403.73501330122764,387.52850341796875,427.5374999227403,0.050000000000000044,True
ddqn_per,17,570,91103,-444.06945116421684,387.9478454589844,418.13503321205695,0.050000000000000044,True
ddqn_per,17,571,91206,-436.22654123567753,390.1050109863281,408.8082705007016,0.050000000000000044,True
ddqn_per,17,572,91279,-421.41937685874416,387.1275634765625,422.40178314627036,0.050000000000000044,True
ddqn_per,17,573,91353,-387.2060988019793,389.455810546875,417.87019884264146,0.050000000000000044,True
ddqn_per,17,574,91444,-339.3145180063725,388.2340087890625,417.4174496158139,0.050000000000000044,True
ddqn_per,17,575,91531,-311.30121847814286,391.2203369140625,408.9560466196345,0.050000000000000044,True
ddqn_per,17,576,91601,-395.9415855683346,395.1885070800781,412.8848223005022,0.050000000000000044,True
ddqn_per,17,577,91699,-478.00179928472687,391.3661804199219,413.62042236328125,0.050000000000000044,True
ddqn_per,17,578,91793,-453.1412008138457,390.8280334472656,411.54097082259807,0.050000000000000044,True
ddqn_per,17,579,91884,-280.01980374389655,390.4637145996094,399.26505321460763,0.050000000000000044,True
ddqn_per,17,580,91981,-338.32731689574626,392.2113037109375,410.94442182717864,0.050000000000000044,True
ddqn_per,17,581,92060,-433.12591047959177,393.13836669921875,409.7758093725277,0.050000000000000044,True
ddqn_per,17,582,92155,-453.5154409340751,398.17132568359375,407.1537979929071,0.050000000000000044,True
ddqn_per,17,583,92254,-451.8559194835864,394.87152099609375,405.98000913677794,0.050000000000000044,True
ddqn_per,17,584,92328,-383.2643561966069,396.586181640625,397.90988983979094,0.050000000000000044,True
ddqn_per,17,585,92420,-435.2141886907722,396.1947326660156,402.04569542926293,0.050000000000000044,True
ddqn_per,17,586,92507,-300.3932777101288,393.6811828613281,396.0705282277074,0.050000000000000044,True
ddqn_per,17,587,92593,-355.33210211353446,400.7587585449219,389.78196432424147,0.050000000000000044,True
ddqn_per,17,588,92665,-378.28527444960497,401.86663818359375,389.4178305731879,0.050000000000000044,True
ddqn_per,17,589,92748,-434.7853274141654,404.021728515625,396.8752084755036,0.050000000000000044,True
ddqn_per,17,590,92844,-260.7695042805305,400.4647521972656,383.7390429178874,0.050000000000000044,True
ddqn_per,17,591,92926,-448.6190288493094,398.4403381347656,385.11799249416447,0.050000000000000044,True
ddqn_per,17,592,92989,-401.0471083277743,400.4627990722656,403.48228527250745,0.050000000000000044,True
ddqn_per,17,593,93079,-290.5395366514316,401.0548095703125,386.0828569200304,0.050000000000000044,True
ddqn_per,17,594,93173,-483.1419430069825,401.3882141113281,385.4039322873379,0.050000000000000044,True
ddqn_per,17,595,93272,-232.7620264184778,402.2398376464844,389.8358424022944,0.050000000000000044,True
ddqn_per,17,596,93340,-364.7201578902426,403.6788635253906,384.0214875165154,0.050000000000000044,True
ddqn_per,17,597,93436,-346.64861288368957,400.0259094238281,386.667363802592,0.050000000000000044,True
ddqn_per,17,598,93517,-426.40680256166166,408.9284362792969,380.25990540304304,0.050000000000000044,True
ddqn_per,17,599,93601,-430.09944869923953,408.55291748046875,380.5779473440988,0.050000000000000044,True
ddqn_per,17,600,93697,-213.5633998868562,407.066162109375,380.0218548774719,0.050000000000000044,True
ddqn_per,17,601,93780,-448.5592688417162,408.2132568359375,376.9012028337961,0.050000000000000044,True
ddqn_per,17,602,93853,-419.7937536538068,411.5263366699219,374.5812139641749,0.050000000000000044,True
ddqn_per,17,603,93972,-487.6922377120655,408.566650390625,366.58441136464353,0.050000000000000044,True
ddqn_per,17,604,94038,-466.5651824741218,407.1206970214844,381.1341053355824,0.050000000000000044,True
ddqn_per,17,605,94124,-445.9793762297501,411.107666015625,372.9294068092524,0.050000000000000044,True
ddqn_per,17,606,94189,-362.9569943736812,413.0416259765625,374.8151822603666,0.050000000000000044,True
ddqn_per,17,607,94283,-444.29628237801717,408.6419677734375,367.0516162628823,0.050000000000000044,True
ddqn_per,17,608,94374,-283.1503629797802,415.3898010253906,364.3948226761032,0.050000000000000044,True
ddqn_per,17,609,94451,-397.0089558027517,415.1990661621094,363.7018862637606,0.050000000000000044,True
ddqn_per,17,610,94526,-392.455724772897,421.7558288574219,371.86272705078125,0.050000000000000044,True
ddqn_per,17,611,94617,-454.05204372938476,419.8274230957031,359.979248382233,0.050000000000000044,True
ddqn_per,17,612,94707,-475.57366454134177,417.29949951171875,353.73093075222437,0.050000000000000044,True
ddqn_per,17,613,94794,-371.0569119898579,418.337158203125,353.93260947041125,0.050000000000000044,True
ddqn_per,17,614,94870,-411.04824949409465,424.068603515625,358.0658238059596,0.050000000000000044,True
ddqn_per,17,615,94967,-479.6388437821117,419.709228515625,356.89706641128384,0.050000000000000044,True
ddqn_per,17,616,95046,-426.9684971992235,426.067138671875,359.68334729158425,0.050000000000000044,True
ddqn_per,17,617,95117,-390.7582625100914,425.3338928222656,346.59202188841056,0.050000000000000044,True
ddqn_per,17,618,95203,-342.5076793601846,423.4169006347656,351.65196547397346,0.050000000000000044,True
ddqn_per,17,619,95300,-222.8378360540795,425.9709777832031,339.02178089889054,0.050000000000000044,True
ddqn_per,17,620,95414,-359.6489008890132,426.606201171875,350.9820056045265,0.050000000000000044,True
ddqn_per,17,621,95485,-412.1910833955757,427.2295227050781,351.61318883761555,0.050000000000000044,True
ddqn_per,17,622,95574,-437.3723291255259,430.65386962890625,346.55177427141854,0.050000000000000044,True
ddqn_per,17,623,95672,-413.88072606259743,432.3296813964844,347.41330298598933,0.050000000000000044,True
ddqn_per,17,624,95771,-486.39614054919934,428.7420349121094,343.0972323947483,0.050000000000000044,True
ddqn_per,17,625,95867,-401.8168212113289,429.566650390625,340.40067195892334,0.050000000000000044,True
ddqn_per,17,626,95962,-332.1952974299656,432.29534912109375,354.1701608758224,0.050000000000000044,True
ddqn_per,17,627,96049,-222.01982638131352,435.6334228515625,334.791052105783,0.050000000000000044,True
ddqn_per,17,628,96134,-241.5333480009956,435.8384704589844,336.5761792351218,0.050000000000000044,True
ddqn_per,17,629,96244,-454.4932572057055,434.4898681640625,328.7859040693803,0.050000000000000044,True
ddqn_per,17,630,96334,-438.87893636563393,435.29412841796875,331.03363257514104,0.050000000000000044,True
ddqn_per,17,631,96427,-238.06124828410805,434.6411437988281,323.8883783484018,0.050000000000000044,True
ddqn_per,17,632,96518,-414.7256628618609,439.88836669921875,327.2454289027623,0.050000000000000044,True
ddqn_per,17,633,96588,-401.53320240036345,441.2698059082031,324.61088104248046,0.050000000000000044,True
ddqn_per,17,634,96653,-380.66750251766774,439.2514953613281,324.78353811410756,0.050000000000000044,True
ddqn_per,17,635,96760,-349.95341195722347,440.2107849121094,315.3638518146265,0.050000000000000044,True
ddqn_per,17,636,96842,-455.26399359149474,438.9195251464844,315.84980364543634,0.050000000000000044,True
ddqn_per,17,637,96946,-437.4895925259412,439.8626708984375,320.3580448444073,0.050000000000000044,True
ddqn_per,17,638,97030,-376.9450562749156,447.9108581542969,328.58336966378346,0.050000000000000044,True
ddqn_per,17,639,97129,-374.2818893989006,443.283203125,311.3224290019334,0.050000000000000044,True
ddqn_per,17,640,97201,-384.2572580825216,446.2335205078125,319.6610972086589,0.050000000000000044,True
ddqn_per,17,641,97270,-343.4534401350775,444.6778869628906,302.6809188179348,0.050000000000000044,True
ddqn_per,17,642,97381,-478.67319591421244,444.6094665527344,314.5630530280036,0.050000000000000044,True
ddqn_per,17,643,97447,-369.415316526527,446.43597412109375,321.9082401160038,0.050000000000000044,True
ddqn_per,17,644,97552,-440.99584949797116,449.4623718261719,317.03049810500374,0.050000000000000044,True
ddqn_per,17,645,97653,-347.97239406596714,446.12945556640625,300.68163896315167,0.050000000000000044,True
ddqn_per,17,646,97768,-270.2150344473522,450.8022766113281,300.93970575747284,0.050000000000000044,True
ddqn_per,17,647,97849,-264.46563723326807,452.076416015625,307.20154260706016,0.050000000000000044,True
ddqn_per,17,648,97943,-294.8349220569894,448.6513977050781,304.7999903902094,0.050000000000000044,True
ddqn_per,17,649,98065,-365.54316621212666,454.32391357421875,295.0286318669554,0.050000000000000044,True
ddqn_per,17,650,98129,-377.9421824908119,457.804931640625,292.1819486618042,0.050000000000000044,True
ddqn_per,17,651,98221,-448.76442001836864,460.0345458984375,297.4879409126614,0.050000000000000044,True
ddqn_per,17,652,98319,-507.31279783579436,457.8304748535156,292.37492140945125,0.050000000000000044,True
ddqn_per,17,653,98432,-460.1633581695473,456.41094970703125,283.249670248116,0.050000000000000044,True
ddqn_per,17,654,98550,-429.3266663329246,464.2095947265625,281.4629843760345,0.050000000000000044,True
ddqn_per,17,655,98672,-414.3281793632477,462.0087585449219,278.5701057559154,0.050000000000000044,True
ddqn_per,17,656,98767,-411.873581695938,466.43280029296875,280.8465802644428,0.050000000000000044,True
ddqn_per,17,657,98864,-431.4564112829641,460.3779602050781,275.80634708994444,0.050000000000000044,True
ddqn_per,17,658,98969,-436.3765990243832,460.225341796875,280.7218255905878,0.050000000000000044,True
ddqn_per,17,659,99054,-379.7945888633842,474.884765625,263.7737879136029,0.050000000000000044,True
ddqn_per,17,660,99157,-343.9918146300155,471.98699951171875,258.9069167201959,0.050000000000000044,True
ddqn_per,17,661,99266,-417.59942707635935,473.4692077636719,267.1826317463446,0.050000000000000044,True
ddqn_per,17,662,99358,-277.1288346882438,472.3606262207031,267.7260168324346,0.050000000000000044,True
ddqn_per,17,663,99445,-376.1788062104902,474.0142517089844,273.4902860268779,0.050000000000000044,True
ddqn_per,17,664,99550,-268.64936278001153,481.23748779296875,271.6957003638858,0.050000000000000044,True
ddqn_per,17,665,99631,-313.54723186576405,480.8137512207031,257.7121233528043,0.050000000000000044,True
ddqn_per,17,666,99704,-351.7604242863422,482.983154296875,263.86463823710403,0.050000000000000044,True
ddqn_per,17,667,99790,-436.98822375712626,478.2650451660156,258.8225134916084,0.050000000000000044,True
ddqn_per,17,668,99914,-420.3784297029744,482.4369812011719,254.0890847482989,0.050000000000000044,True
ddqn_per,23,1,89,-354.8518782564821,-0.7755441069602966,-3.234309223982004,0.991545,True
ddqn_per,23,2,159,-97.22097296988747,-0.2271689921617508,-13.090179429735457,0.984895,True
ddqn_per,23,3,245,-105.83936325813303,-0.9852187633514404,-16.010195299636486,0.976725,True
ddqn_per,23,4,364,-327.4786384678199,-0.3222740590572357,-11.183555008733974,0.96542,True
ddqn_per,23,5,448,-123.36137926236748,0.5693075060844421,-4.1064473170609705,0.95744,True
ddqn_per,23,6,533,-203.62907138253038,0.28338703513145447,-6.378433498214273,0.949365,True
ddqn_per,23,7,598,-200.73256321751666,1.2990511655807495,-9.075492103283223,0.94319,True
ddqn_per,23,8,711,-123.85050891231418,1.4220457077026367,-9.732350708109088,0.932455,True
ddqn_per,23,9,784,-92.3225134869331,1.1270701885223389,-8.313874329606147,0.92552,True
ddqn_per,23,10,870,-73.11571434284807,1.4263561964035034,-9.009354840877444,0.91735,True
ddqn_per,23,11,971,-161.14041054003576,1.2004210948944092,-11.580228342868313,0.907755,True
ddqn_per,23,12,1101,-41.0836606488125,2.1304073333740234,-8.881159448623658,0.895405,True
ddqn_per,23,13,1204,-95.93146451039462,2.0116066932678223,-9.401761703120853,0.8856200000000001,True
ddqn_per,23,14,1308,-240.0500761872466,2.2128047943115234,-10.491984564524431,0.87574,True
ddqn_per,23,15,1374,-70.76479156071716,2.2334787845611572,-9.883127310059287,0.86947,True
ddqn_per,23,16,1468,-280.967760767173,2.0028014183044434,-11.929219659338607,0.86054,True
ddqn_per,23,17,1548,-107.23198113330218,2.7699522972106934,-11.541523922979831,0.85294,True
ddqn_per,23,18,1634,-153.06258022780645,3.216134548187256,-13.076483820759973,0.84477,True
ddqn_per,23,19,1715,-139.19145890965228,2.860646963119507,-12.765752927756603,0.837075,True
ddqn_per,23,20,1809,-109.70340604979539,3.0085175037384033,-13.433643620064919,0.828145,True
ddqn_per,23,21,1876,-123.22921321375738,2.8541388511657715,-14.193187699389101,0.82178,True
ddqn_per,23,22,1971,-78.13037392541024,2.8986101150512695,-13.292041773545115,0.812755,True
ddqn_per,23,23,2095,-162.4091332370586,3.8824517726898193,-13.043595371707793,0.800975,True
ddqn_per,23,24,2239,-109.23635866521454,4.489200592041016,-12.85394991437594,0.7872950000000001,True
ddqn_per,23,25,2303,-119.64190470999011,4.486103534698486,-12.593209363520145,0.781215,True
ddqn_per,23,26,2429,-285.93381108143035,4.823453426361084,-13.120196677389599,0.769245,True
ddqn_per,23,27,2596,-4.576108197734854,6.006771087646484,-12.92013764238643,0.75338,True
ddqn_per,23,28,2746,-75.478866409533,5.875675201416016,-12.08754335641861,0.7391300000000001,True
ddqn_per,23,29,2916,-41.768481258725046,6.559575080871582,-10.962861434151145,0.72298,True
ddqn_per,23,30,3035,-72.07305974570723,7.055626392364502,-10.454695623461939,0.7116750000000001,True
ddqn_per,23,31,3162,-70.58471931651877,7.651740074157715,-10.394136571508692,0.6996100000000001,True
ddqn_per,23,32,3288,-49.26114647120691,7.46392822265625,-10.748413676307315,0.68764,True
ddqn_per,23,33,3423,-107.24176158461297,7.860526084899902,-10.315948389194629,0.6748149999999999,True
ddqn_per,23,34,3504,-43.68151554345266,8.766201972961426,-10.092963020006815,0.66712,True
ddqn_per,23,35,3639,-87.89335986147739,9.350872039794922,-10.329169578905459,0.6542950000000001,True
ddqn_per,23,36,3815,-18.61805133836161,9.152665138244629,-8.670681450854648,0.637575,True
ddqn_per,23,37,4011,-21.807688795597926,10.466228485107422,-9.063363969630124,0.618955,True
ddqn_per,23,38,4232,-60.7013625771428,11.200577735900879,-8.442614713135887,0.59796,True
ddqn_per,23,39,4452,-91.90410148769384,11.08498764038086,-8.462011142481456,0.57706,True
ddqn_per,23,40,4632,29.895151423981957,12.198481559753418,-7.042148642407524,0.55996,True
ddqn_per,23,41,4736,-64.1381218412154,12.267451286315918,-7.267193829784026,0.55008,True
ddqn_per,23,42,4907,-53.38393949665628,12.729479789733887,-7.095987065493712,0.5338350000000001,True
ddqn_per,23,43,5175,-91.66317644122367,13.409071922302246,-7.26324946772474,0.508375,True
ddqn_per,23,44,5388,-42.38336348733961,13.338444709777832,-7.095012510046713,0.48814000000000013,True
ddqn_per,23,45,5655,-24.19103533460236,14.71603775024414,-6.401288452554732,0.46277500000000005,True
ddqn_per,23,46,6082,-25.71863959111468,16.551422119140625,-5.956864086051735,0.4222100000000001,True
ddqn_per,23,47,7082,-92.8303040047453,19.656949996948242,-3.131146885871887,0.32721,True
ddqn_per,23,48,8082,-63.17039672369427,21.65984535217285,-1.8015309472680092,0.23221000000000003,True
ddqn_per,23,49,8629,-112.00786637074744,22.47951889038086,0.5685376306175096,0.180245,True
ddqn_per,23,50,8771,2.8135219042609236,22.411333084106445,-0.12731646106276714,0.1667550000000001,True
ddqn_per,23,51,9063,-165.25526129741004,24.041723251342773,1.1663648982162345,0.139015,True
ddqn_per,23,52,9504,-160.86839372047075,25.39156723022461,1.8612618303758488,0.09711999999999998,True
ddqn_per,23,53,10314,-262.3734205710364,25.233415603637695,1.7918198652105566,0.050000000000000044,True
ddqn_per,23,54,11005,-251.8020020217118,25.655529022216797,2.7219098792795506,0.050000000000000044,True
ddqn_per,23,55,11987,-422.3865983221927,25.937419891357422,2.410035416271439,0.050000000000000044,True
ddqn_per,23,56,12792,-315.2283384531754,26.601064682006836,4.17764026903958,0.050000000000000044,True
ddqn_per,23,57,13792,-168.74438961832908,27.415264129638672,4.275132443159818,0.050000000000000044,True
ddqn_per,23,58,14691,-212.42009110483252,27.294715881347656,5.071645576842502,0.050000000000000044,True
ddqn_per,23,59,14802,-130.04459918785815,27.2996883392334,6.531642670029992,0.050000000000000044,True
ddqn_per,23,60,15802,-35.89913851789299,28.0827693939209,5.1384351459145545,0.050000000000000044,True
ddqn_per,23,61,16228,-247.89163761758576,28.65582847595215,5.449024658877525,0.050000000000000044,True
ddqn_per,23,62,17228,-51.91109449504057,28.756088256835938,4.765209640234708,0.050000000000000044,True
ddqn_per,23,63,18228,-33.981672184656304,28.389482498168945,4.82698805809021,0.050000000000000044,True
ddqn_per,23,64,19228,-37.76309966057171,29.0712947845459,5.789672397792339,0.050000000000000044,True
ddqn_per,23,65,20228,-84.78468914210458,29.876588821411133,6.605548390388488,0.050000000000000044,True
ddqn_per,23,66,21228,-41.51830465840727,31.1278076171875,6.948433636009693,0.050000000000000044,True
ddqn_per,23,67,22228,-67.49301517217712,32.311038970947266,8.633795623481273,0.050000000000000044,True
ddqn_per,23,68,23228,-49.6090448342931,33.0716438293457,8.686650539278984,0.050000000000000044,True
ddqn_per,23,69,24228,-39.99849584675594,34.542579650878906,9.019168366849422,0.050000000000000044,True
ddqn_per,23,70,25228,-21.847664440149014,34.84870910644531,9.406914348065854,0.050000000000000044,True
ddqn_per,23,71,26228,-6.687080063129634,35.89543533325195,10.107051697969437,0.050000000000000044,True
ddqn_per,23,72,27228,7.4415413748947765,37.98740768432617,10.88018497788906,0.050000000000000044,True
ddqn_per,23,73,28228,-47.15147160444524,39.11292266845703,12.50542047303915,0.050000000000000044,True
ddqn_per,23,74,29228,14.96333785985625,41.35115051269531,13.367888042688369,0.050000000000000044,True
ddqn_per,23,75,30228,-30.904693433885555,42.91378402709961,14.167784168720246,0.050000000000000044,True
ddqn_per,23,76,31228,-6.142209160611017,45.198097229003906,14.05650261181593,0.050000000000000044,True
ddqn_per,23,77,31423,42.61278801956993,44.55522155761719,14.61377678895608,0.050000000000000044,True
ddqn_per,23,78,32423,40.58319258232202,46.778076171875,15.445555615901947,0.050000000000000044,True
ddqn_per,23,79,33423,-62.340228316030064,48.66184616088867,15.84741414475441,0.050000000000000044,True
ddqn_per,23,80,34423,-74.19135735810355,49.7414436340332,16.72129875731468,0.050000000000000044,True
ddqn_per,23,81,35278,203.5059315122901,51.574363708496094,17.37570938534207,0.050000000000000044,True
ddqn_per,23,82,36278,-58.46306145165265,51.787200927734375,16.907356008529664,0.050000000000000044,True
ddqn_per,23,83,37278,-24.122039705288426,54.26215362548828,17.19478515076637,0.050000000000000044,True
ddqn_per,23,84,37492,285.08359067315143,54.195560455322266,18.20239941650462,0.050000000000000044,True
ddqn_per,23,85,38492,68.608646611932,55.804447174072266,17.83982667398453,0.050000000000000044,True
ddqn_per,23,86,38858,215.11098559910158,55.94114685058594,16.45311805785028,0.050000000000000044,True
ddqn_per,23,87,39825,70.07153304934553,57.191993713378906,17.11133064528409,0.050000000000000044,True
ddqn_per,23,88,40349,-87.73431726241597,57.656429290771484,17.612371198776113,0.050000000000000044,True
ddqn_per,23,89,41282,140.38622562691944,58.71322250366211,16.51657160519276,0.050000000000000044,True
ddqn_per,23,90,42282,-38.92646960473443,60.050350189208984,16.220978168487548,0.050000000000000044,True
ddqn_per,23,91,42707,-36.8702186386913,60.560157775878906,17.03646634943345,0.050000000000000044,True
ddqn_per,23,92,43094,-107.2810910552872,61.61577606201172,17.238737526482083,0.050000000000000044,True
ddqn_per,23,93,43873,75.4014969879187,61.938838958740234,16.739705240925407,0.050000000000000044,True
ddqn_per,23,94,44813,79.87299301656621,63.594200134277344,17.483287182260067,0.050000000000000044,True
ddqn_per,23,95,45173,256.7949799992252,64.52938842773438,18.356283375289706,0.050000000000000044,True
ddqn_per,23,96,45627,22.402185150453505,65.34418487548828,18.620444759398303,0.050000000000000044,True
ddqn_per,23,97,46247,-91.24652806900636,65.58195495605469,18.92851204718313,0.050000000000000044,True
ddqn_per,23,98,47113,77.45401461157913,65.39279174804688,18.322167486847135,0.050000000000000044,True
ddqn_per,23,99,48113,59.09124708593041,66.15791320800781,17.680820939660073,0.050000000000000044,True
ddqn_per,23,100,49113,-57.765843188421854,67.86681365966797,18.001000894069673,0.050000000000000044,True
ddqn_per,23,101,50113,-17.282161545446158,67.74041748046875,18.280939342856406,0.050000000000000044,True
ddqn_per,23,102,51113,-78.37512523426867,70.00945281982422,17.89959806394577,0.050000000000000044,True
ddqn_per,23,103,51768,218.28046140630371,69.85296630859375,18.97674564550851,0.050000000000000044,True
ddqn_per,23,104,52768,-14.798135200472194,69.85964965820312,18.72359468603134,0.050000000000000044,True
ddqn_per,23,105,52949,-47.76683756177866,69.96788787841797,19.095596255518455,0.050000000000000044,True
ddqn_per,23,106,53949,-19.16179168070388,71.15617370605469,17.47826956939697,0.050000000000000044,True
ddqn_per,23,107,54460,242.36555096641789,70.53319549560547,17.166413923998867,0.050000000000000044,True
ddqn_per,23,108,54989,148.0655207374163,70.7213134765625,16.817548488624155,0.050000000000000044,True
ddqn_per,23,109,55708,-153.26184298048912,72.0641860961914,16.289197741363907,0.050000000000000044,True
ddqn_per,23,110,56708,-95.24549513826135,72.25053405761719,15.154657467842101,0.050000000000000044,True
ddqn_per,23,111,57708,6.446795354147747,72.70506286621094,14.079874045372009,0.050000000000000044,True
ddqn_per,23,112,58708,-16.962792159868496,73.07742309570312,13.68253923857212,0.050000000000000044,True
ddqn_per,23,113,59708,-9.546801897841945,74.96868133544922,13.495136506319046,0.050000000000000044,True
ddqn_per,23,114,60708,-10.611111832620034,75.27442169189453,13.64416658449173,0.050000000000000044,True
ddqn_per,23,115,61708,81.00693221682783,75.02871704101562,13.576695951223373,0.050000000000000044,True
ddqn_per,23,116,62708,99.06398464705107,76.0811996459961,13.132861246109009,0.050000000000000044,True
ddqn_per,23,117,63178,222.89296990230116,76.53231811523438,13.728370309890584,0.050000000000000044,True
ddqn_per,23,118,64178,148.37185405281102,76.94257354736328,13.846899469375611,0.050000000000000044,True
ddqn_per,23,119,64512,-269.2655755685047,77.7737045288086,14.021977598795633,0.050000000000000044,True
ddqn_per,23,120,64736,6.2781637378077875,77.90921020507812,13.995696738362312,0.050000000000000044,True
ddqn_per,23,121,65736,31.319509608377288,77.76742553710938,13.434250618100167,0.050000000000000044,True
ddqn_per,23,122,65898,27.138627882751194,78.45578002929688,14.676727775438332,0.050000000000000044,True
ddqn_per,23,123,66528,203.9151838194835,78.87203979492188,13.60654610300821,0.050000000000000044,True
ddqn_per,23,124,67528,-43.98186504824333,78.52283477783203,13.631492216944695,0.050000000000000044,True
ddqn_per,23,125,68528,166.79546197185573,79.86626434326172,13.960289396166802,0.050000000000000044,True
ddqn_per,23,126,69432,219.0483759387743,79.4383316040039,14.133448224679558,0.050000000000000044,True
ddqn_per,23,127,69724,294.9166844491368,79.79928588867188,15.460729933764837,0.050000000000000044,True
ddqn_per,23,128,70724,-8.753288340768933,79.45033264160156,14.273491835594177,0.050000000000000044,True
ddqn_per,23,129,71724,175.47084050446188,80.44979095458984,14.305681883811951,0.050000000000000044,True
ddqn_per,23,130,71935,-19.92234081176221,80.1756591796875,14.644143615288757,0.050000000000000044,True
ddqn_per,23,131,72591,240.63239599774352,80.66771697998047,14.093659034952886,0.050000000000000044,True
ddqn_per,23,132,73465,-55.713660584916894,80.54942321777344,14.349032666951896,0.050000000000000044,True
ddqn_per,23,133,74177,269.6348733958885,80.61947631835938,13.892930650141802,0.050000000000000044,True
ddqn_per,23,134,75177,9.68774718133061,81.52142333984375,13.873253580093383,0.050000000000000044,True
ddqn_per,23,135,75437,270.5354538996077,82.10293579101562,13.685738466336177,0.050000000000000044,True
ddqn_per,23,136,76437,0.7247566118477495,81.9311752319336,14.391103891432286,0.050000000000000044,True
ddqn_per,23,137,76696,1.7312353764650652,82.97203063964844,15.422448677445932,0.050000000000000044,True
ddqn_per,23,138,76933,-47.03796672444038,83.41551971435547,16.203320788934764,0.050000000000000044,True
ddqn_per,23,139,77798,236.0040274289754,82.034423828125,15.384808806876915,0.050000000000000044,True
ddqn_per,23,140,78374,253.67387887210086,82.27999877929688,15.780423401958412,0.050000000000000044,True
ddqn_per,23,141,79374,138.93582598665427,83.34912109375,15.476169514656068,0.050000000000000044,True
ddqn_per,23,142,80374,152.03796476409855,83.71308898925781,16.0108837031126,0.050000000000000044,True
ddqn_per,23,143,81115,237.64693004383432,82.96958923339844,16.41808219380707,0.050000000000000044,True
ddqn_per,23,144,81445,255.8427869391343,82.84998321533203,16.557247908910117,0.050000000000000044,True
ddqn_per,23,145,81755,217.22343134183618,81.95918273925781,16.653540708172706,0.050000000000000044,True
ddqn_per,23,146,82755,85.27376997984311,82.47652435302734,16.006615899085997,0.050000000000000044,True
ddqn_per,23,147,82846,-63.76998153072221,82.56649780273438,16.684663824982696,0.050000000000000044,True
ddqn_per,23,148,82912,-60.81344775450391,83.04650115966797,18.116800503297284,0.050000000000000044,True
ddqn_per,23,149,83280,251.44587237694458,82.33081817626953,16.801721487356268,0.050000000000000044,True
ddqn_per,23,150,83409,-36.248667357884614,82.0085678100586,17.936711425929108,0.050000000000000044,True
ddqn_per,23,151,83501,58.198691229187716,83.16873931884766,18.567976054937944,0.050000000000000044,True
ddqn_per,23,152,84501,140.5083232279956,83.59724426269531,17.82918875980377,0.050000000000000044,True
ddqn_per,23,153,84639,-39.777527042181774,83.57931518554688,19.151846750922825,0.050000000000000044,True
ddqn_per,23,154,85639,135.5267310469206,83.48956298828125,18.43212490940094,0.050000000000000044,True
ddqn_per,23,155,86639,154.42027408962142,82.38156127929688,18.5077331867218,0.050000000000000044,True
ddqn_per,23,156,87639,136.49347177312941,81.6971206665039,18.172146889686584,0.050000000000000044,True
ddqn_per,23,157,87730,-212.77173337796268,81.767578125,18.303332852793265,0.050000000000000044,True
ddqn_per,23,158,87968,281.043068373319,81.61857604980469,18.6117701009542,0.050000000000000044,True
ddqn_per,23,159,88088,-59.86371825044863,81.3739242553711,18.2477135181427,0.050000000000000044,True
ddqn_per,23,160,88214,-212.28559350077944,81.34246063232422,20.164009457542782,0.050000000000000044,True
ddqn_per,23,161,88340,-139.08173261792723,80.84146881103516,20.031034658825586,0.050000000000000044,True
ddqn_per,23,162,89340,191.2917767967462,80.04199981689453,19.17373715209961,0.050000000000000044,True
ddqn_per,23,163,90031,245.08964777025645,80.63880157470703,19.943014477510356,0.050000000000000044,True
ddqn_per,23,164,90322,285.390570365808,79.94197082519531,20.328532261537113,0.050000000000000044,True
ddqn_per,23,165,91142,291.61596040769155,80.98778533935547,20.81454796616624,0.050000000000000044,True
ddqn_per,23,166,91375,297.3962830380018,80.32486724853516,21.762155835720602,0.050000000000000044,True
ddqn_per,23,167,91704,199.62849701651902,80.07694244384766,21.149699825646305,0.050000000000000044,True
ddqn_per,23,168,92704,192.73616972360819,79.73843383789062,21.307602038383482,0.050000000000000044,True
ddqn_per,23,169,93654,237.75334804288423,80.97941589355469,20.944577840503893,0.050000000000000044,True
ddqn_per,23,170,93825,-169.2974821489534,80.38581848144531,22.262699445088703,0.050000000000000044,True
ddqn_per,23,171,94128,284.230782739216,79.73130798339844,23.171446967046254,0.050000000000000044,True
ddqn_per,23,172,94784,248.2105015616109,81.23316955566406,22.106693203856306,0.050000000000000044,True
ddqn_per,23,173,94908,-144.57425126015997,79.72290802001953,23.348985248996364,0.050000000000000044,True
ddqn_per,23,174,95338,265.4774068033032,78.86969757080078,21.793476440740186,0.050000000000000044,True
ddqn_per,23,175,95458,-189.14157796422714,78.89429473876953,22.822516083717346,0.050000000000000044,True
ddqn_per,23,176,95555,36.90976787168884,79.18109130859375,22.89995081400134,0.050000000000000044,True
ddqn_per,23,177,96055,-189.8553976520566,79.75863647460938,22.886110357284547,0.050000000000000044,True
ddqn_per,23,178,96200,-132.4004394829488,78.6508560180664,23.77330155208193,0.050000000000000044,True
ddqn_per,23,179,96616,-56.974334048642135,79.19441223144531,23.29728415608406,0.050000000000000044,True
ddqn_per,23,180,96721,-10.96866095018251,78.52152252197266,23.785431198846727,0.050000000000000044,True
ddqn_per,23,181,96868,45.67941198108912,78.88843536376953,23.79367348288192,0.050000000000000044,True
ddqn_per,23,182,97868,136.7972772295707,78.76456451416016,22.576133984565736,0.050000000000000044,True
ddqn_per,23,183,98035,-130.91858053348898,78.3720932006836,24.310565468793857,0.050000000000000044,True
ddqn_per,23,184,98127,-83.35847629912526,78.70248413085938,24.771592378616333,0.050000000000000044,True
ddqn_per,23,185,98225,-4.624182818367359,78.50196075439453,24.353977115786805,0.050000000000000044,True
ddqn_per,23,186,98918,247.814055482585,78.90312194824219,23.22447412113779,0.050000000000000044,True
ddqn_per,23,187,99052,-42.418794947996986,78.79019165039062,23.463014232578562,0.050000000000000044,True
ddqn_per,23,188,99206,-14.659486883426709,79.66291809082031,23.215736698794675,0.050000000000000044,True
ddqn_per,23,189,99351,-17.75031756435493,79.49864196777344,24.38472591268605,0.050000000000000044,True
ddqn_per,23,190,99499,-47.90725136062575,78.61370849609375,23.495686962797834,0.050000000000000044,True
ddqn_per,23,191,99582,-36.89549530886866,78.69708251953125,24.75076146872647,0.050000000000000044,True
ddqn_per,42,1,111,-135.0396502045379,0.8040738105773926,-0.09618167369626462,0.989455,True
ddqn_per,42,2,231,-67.66293922443674,1.7071141004562378,-10.19053023258845,0.978055,True
ddqn_per,42,3,370,-323.3820251319904,1.837985873222351,-10.287977297529043,0.96485,True
ddqn_per,42,4,457,-89.10798803199964,2.0485129356384277,-10.409499256090186,0.956585,True
ddqn_per,42,5,590,-121.34980192650701,2.4945502281188965,-8.461975492929158,0.94395,True
ddqn_per,42,6,693,-204.51297418217536,2.2940499782562256,-6.158806611033319,0.934165,True
ddqn_per,42,7,784,-227.2217008550878,2.042684316635132,-7.110184779533973,0.92552,True
ddqn_per,42,8,891,-186.5308853512846,2.6644561290740967,-7.849821204337005,0.915355,True
ddqn_per,42,9,979,-90.67546047139311,2.8850395679473877,-7.831682608886198,0.906995,True
ddqn_per,42,10,1110,-324.96622147773553,3.6823642253875732,-8.022906061347204,0.89455,True
ddqn_per,42,11,1179,-91.05782748601943,3.569657802581787,-10.78042977789174,0.887995,True
ddqn_per,42,12,1250,-287.3193791397313,3.246169090270996,-10.25793693770825,0.88125,True
ddqn_per,42,13,1350,-57.766705652980065,3.581814765930176,-17.001859788894652,0.87175,True
ddqn_per,42,14,1414,31.625485048968528,3.621262550354004,-20.211252078413963,0.8656699999999999,True
ddqn_per,42,15,1559,-30.452170303443097,4.52120304107666,-14.692406514595294,0.851895,True
ddqn_per,42,16,1623,-103.84298466889754,4.384019374847412,-13.298475749790668,0.845815,True
ddqn_per,42,17,1725,-148.98993663682876,4.80400276184082,-11.649037604238472,0.836125,True
ddqn_per,42,18,1874,-213.84193122738174,4.492063999176025,-11.536124352640753,0.82197,True
ddqn_per,42,19,2009,-85.70086281375714,5.923749923706055,-10.794995233747695,0.809145,True
ddqn_per,42,20,2091,-21.558367307055605,5.418551445007324,-8.813536923106124,0.801355,True
ddqn_per,42,21,2173,-258.9995170840248,5.628939151763916,-9.225448685448344,0.7935650000000001,True
ddqn_per,42,22,2287,-102.39404795057197,5.711414813995361,-9.123160680135092,0.782735,True
ddqn_per,42,23,2361,-48.77533763786435,5.490952968597412,-8.002120065527993,0.775705,True
ddqn_per,42,24,2475,-93.69176570438674,5.6697845458984375,-7.570814256082501,0.764875,True
ddqn_per,42,25,2600,-88.9075603065908,6.551265239715576,-6.477052976131439,0.753,True
ddqn_per,42,26,2704,-155.68248537869272,6.467164516448975,-5.772638397148023,0.74312,True
ddqn_per,42,27,2804,-188.4809293946305,7.001775741577148,-6.39302641749382,0.73362,True
ddqn_per,42,28,2883,-113.76363495450921,6.845073223114014,-7.344491273541994,0.7261150000000001,True
ddqn_per,42,29,2967,-96.75283282163596,7.006900787353516,-7.1164473713863465,0.718135,True
ddqn_per,42,30,3067,-64.80898901143229,7.738205432891846,-4.924298966526985,0.708635,True
ddqn_per,42,31,3194,-68.55823489633227,7.982962608337402,-4.856005327438745,0.69657,True
ddqn_per,42,32,3266,-73.4998817823734,7.972844123840332,-4.510646974874867,0.68973,True
ddqn_per,42,33,3346,-85.16868965368948,7.689943313598633,-5.26892466545105,0.68213,True
ddqn_per,42,34,3459,-81.14109933832813,7.944268226623535,-5.792068331642488,0.671395,True
ddqn_per,42,35,3594,-81.04697411551118,9.366822242736816,-4.664168076161985,0.6585700000000001,True
ddqn_per,42,36,3724,-21.637063132938152,9.641128540039062,-4.976804655331832,0.64622,True
ddqn_per,42,37,3903,-101.9512509051545,9.366416931152344,-4.330186058522603,0.6292150000000001,True
ddqn_per,42,38,4044,-268.5689085714786,10.1973237991333,-4.021365080847808,0.61582,True
ddqn_per,42,39,4197,39.35144386047415,10.92850112915039,-3.028204384777281,0.6012850000000001,True
ddqn_per,42,40,4362,-77.08035575494239,10.55002212524414,-2.9540376964843635,0.58561,True
ddqn_per,42,41,4447,-88.98608526449537,10.6239013671875,-4.039051979429582,0.577535,True
ddqn_per,42,42,4549,-106.30835571307107,11.540759086608887,-2.4196966150227714,0.5678449999999999,True
ddqn_per,42,43,4639,-81.66395381177674,11.270593643188477,-1.9098090185059442,0.5592950000000001,True
ddqn_per,42,44,4736,-58.19619921145687,11.837867736816406,-1.572577345156178,0.55008,True
ddqn_per,42,45,4839,-130.84554556018895,11.886981010437012,-2.2525394599414565,0.540295,True
ddqn_per,42,46,4987,24.60458480571471,11.448219299316406,-2.1062632080268218,0.526235,True
ddqn_per,42,47,5078,-17.44944942973501,13.126456260681152,-0.8262504051019858,0.51759,True
ddqn_per,42,48,5380,-244.2864108187028,13.034253120422363,-1.6017651772558295,0.4889,True
ddqn_per,42,49,5459,-40.36375378509989,12.765432357788086,-2.5055471960502333,0.481395,True
ddqn_per,42,50,5751,6.830701236062268,14.053874969482422,-1.2474939037267476,0.45365500000000003,True
ddqn_per,42,51,5953,-29.406294119876435,14.158024787902832,-0.9215966412926665,0.434465,True
ddqn_per,42,52,6355,-98.13159482045262,15.37228012084961,0.28409468808873967,0.39627500000000004,True
ddqn_per,42,53,6485,19.598609296940722,14.843493461608887,0.42558735104707573,0.38392500000000007,True
ddqn_per,42,54,7485,73.00260229585193,17.4623966217041,0.2871879268884659,0.288925,True
ddqn_per,42,55,8485,18.86761894367702,17.596332550048828,2.1375899721980094,0.19392500000000001,True
ddqn_per,42,56,9368,-98.28601766108861,19.21405792236328,4.277419624755229,0.11004000000000003,True
ddqn_per,42,57,9824,-179.74233709082307,19.796979904174805,4.575132324180582,0.06672,True
ddqn_per,42,58,10289,-214.29142110035014,20.449932098388672,4.64778559060507,0.050000000000000044,True
ddqn_per,42,59,11289,-66.66906307520816,21.216798782348633,5.9011845682859425,0.050000000000000044,True
ddqn_per,42,60,12289,17.48075852680803,21.86690902709961,6.82271364068985,0.050000000000000044,True
ddqn_per,42,61,13289,82.51071836510351,22.76650619506836,8.755049478173255,0.050000000000000044,True
ddqn_per,42,62,14157,-187.17527282663679,22.744346618652344,10.08166025750648,0.050000000000000044,True
ddqn_per,42,63,14846,-159.29748216859076,23.581392288208008,11.17953319369622,0.050000000000000044,True
ddqn_per,42,64,15182,-231.25802842543808,24.020906448364258,11.92756379342505,0.050000000000000044,True
ddqn_per,42,65,15623,-243.66372225442456,24.220775604248047,12.579849197750999,0.050000000000000044,True
ddqn_per,42,66,16013,-147.84037416786086,24.093978881835938,12.938913540045421,0.050000000000000044,True
ddqn_per,42,67,16723,173.53515886919024,25.049253463745117,13.865419236455166,0.050000000000000044,True
ddqn_per,42,68,17129,-94.15168793530614,24.97516441345215,14.303908617332064,0.050000000000000044,True
ddqn_per,42,69,17631,-105.47517037042998,25.66362953186035,15.045492774461845,0.050000000000000044,True
ddqn_per,42,70,18631,-96.55720853480902,27.74993324279785,15.724558201432227,0.050000000000000044,True
ddqn_per,42,71,19631,-48.67141260489284,28.149864196777344,17.576726469516753,0.050000000000000044,True
ddqn_per,42,72,20631,-44.85418470099927,28.94534683227539,18.28124686384201,0.050000000000000044,True
ddqn_per,42,73,21631,117.18652530343714,29.187891006469727,21.01942943739891,0.050000000000000044,True
ddqn_per,42,74,22025,207.83296202066805,31.182222366333008,22.716410751875284,0.050000000000000044,True
ddqn_per,42,75,23025,68.81500925638068,31.902563095092773,23.430229432821275,0.050000000000000044,True
ddqn_per,42,76,23155,-50.97102241140867,31.677356719970703,26.070546971834624,0.050000000000000044,True
ddqn_per,42,77,24155,129.44916374220458,32.99971389770508,25.082966794490815,0.050000000000000044,True
ddqn_per,42,78,24903,178.45345412378958,33.13154220581055,27.04130261403354,0.050000000000000044,True
ddqn_per,42,79,25167,6.132691916139578,33.570980072021484,28.316636363665264,0.050000000000000044,True
ddqn_per,42,80,25676,274.17414319684474,34.08580017089844,28.900558316168944,0.050000000000000044,True
ddqn_per,42,81,25873,-61.25796531914541,34.131065368652344,30.138779814473263,0.050000000000000044,True
ddqn_per,42,82,26066,-79.8604334651246,34.15717315673828,29.677986844215987,0.050000000000000044,True
ddqn_per,42,83,26220,-48.2681828690324,35.04059600830078,31.9773794520985,0.050000000000000044,True
ddqn_per,42,84,27220,74.39591940488397,36.40707015991211,31.564713133335115,0.050000000000000044,True
ddqn_per,42,85,28220,138.05587293928534,36.43537902832031,33.96397571516037,0.050000000000000044,True
ddqn_per,42,86,29220,81.69307264280096,37.362064361572266,35.62254526281357,0.050000000000000044,True
ddqn_per,42,87,30220,110.68893934688153,38.65782928466797,39.064152215003965,0.050000000000000044,True
ddqn_per,42,88,31220,153.9251208407351,39.682090759277344,42.2113075799942,0.050000000000000044,True
ddqn_per,42,89,31322,-185.37497797984506,39.534217834472656,46.644072439156325,0.050000000000000044,True
ddqn_per,42,90,31419,-287.6266027005371,39.58494567871094,49.082986595704384,0.050000000000000044,True
ddqn_per,42,91,32419,99.6855741115478,40.583683013916016,48.1534447555542,0.050000000000000044,True
ddqn_per,42,92,32578,17.472580711268165,41.692325592041016,50.69574853909091,0.050000000000000044,True
ddqn_per,42,93,32988,-13.183043700289502,41.671871185302734,54.02869633232675,0.050000000000000044,True
ddqn_per,42,94,33100,-110.14541850951291,42.7773551940918,58.2896089724132,0.050000000000000044,True
ddqn_per,42,95,34100,123.37751238601562,43.03639221191406,57.48976658153534,0.050000000000000044,True
ddqn_per,42,96,35100,136.67905767452083,45.324134826660156,63.1245050535202,0.050000000000000044,True
ddqn_per,42,97,35326,-19.74866980532535,44.919219970703125,67.59925869291862,0.050000000000000044,True
ddqn_per,42,98,35903,182.83372303884474,44.24216842651367,69.97379410080934,0.050000000000000044,True
ddqn_per,42,99,35973,-223.09318377209274,44.63096237182617,72.21529617309571,0.050000000000000044,True
ddqn_per,42,100,36133,-57.70859146155367,46.0628662109375,95.437835252285,0.050000000000000044,True
ddqn_per,42,101,36208,-269.695560922838,45.50254440307617,98.55013481140136,0.050000000000000044,True
ddqn_per,42,102,36372,-364.41170735479193,44.34915542602539,132.90036423613387,0.050000000000000044,True
ddqn_per,42,103,36584,0.027796962913626544,45.79104995727539,153.0920301923212,0.050000000000000044,True
ddqn_per,42,104,36856,3.2973017150331856,45.900535583496094,143.2364346069448,0.050000000000000044,True
ddqn_per,42,105,36995,-54.542099130380095,45.839847564697266,142.09572079884921,0.050000000000000044,True
ddqn_per,42,106,37110,-32.294702799357054,46.821041107177734,133.74827038308848,0.050000000000000044,True
ddqn_per,42,107,37205,-315.2046544793527,45.84980773925781,128.32715004368833,0.050000000000000044,True
ddqn_per,42,108,37428,39.49495673930477,46.33076095581055,143.72138785460604,0.050000000000000044,True
ddqn_per,42,109,37501,-102.99968126362576,46.5168571472168,124.31353519387442,0.050000000000000044,True
ddqn_per,42,110,37695,-26.829272521685198,46.787254333496094,128.5725198922698,0.050000000000000044,True
ddqn_per,42,111,37879,22.284795125198215,47.023067474365234,125.93577799589738,0.050000000000000044,True
ddqn_per,42,112,38140,8.075787017971464,48.492958068847656,121.21859928291876,0.050000000000000044,True
ddqn_per,42,113,38371,-79.6303885140222,48.220130920410156,118.28489965793891,0.050000000000000044,True
ddqn_per,42,114,38512,-37.4204038641533,48.5567512512207,110.12642817125253,0.050000000000000044,True
ddqn_per,42,115,38713,-24.14203169792718,48.966400146484375,111.7082808005869,0.050000000000000044,True
ddqn_per,42,116,38791,-345.9481511661442,49.0044059753418,116.52280215727977,0.050000000000000044,True
ddqn_per,42,117,39163,-47.983920938286055,49.6604118347168,120.2554154139693,0.050000000000000044,True
ddqn_per,42,118,39247,-397.3992950617472,49.46525573730469,124.53562187013172,0.050000000000000044,True
ddqn_per,42,119,39312,-206.14843030953594,50.035457611083984,124.0475602370042,0.050000000000000044,True
ddqn_per,42,120,39576,13.10752724967793,48.726722717285156,122.33248670895894,0.050000000000000044,True
ddqn_per,42,121,39788,15.004938946351501,48.958770751953125,108.02476119995117,0.050000000000000044,True
ddqn_per,42,122,39872,-158.22363041959966,48.93270492553711,100.87433812731788,0.050000000000000044,True
ddqn_per,42,123,39942,-293.10943838434866,49.927459716796875,123.03484311785017,0.050000000000000044,True
ddqn_per,42,124,40165,26.00711229661367,49.390419006347656,116.45284577442392,0.050000000000000044,True
ddqn_per,42,125,40245,-204.7001986191811,49.74074172973633,115.55678768157959,0.050000000000000044,True
ddqn_per,42,126,40427,-2.280792973906813,49.81145477294922,113.35045034806807,0.050000000000000044,True
ddqn_per,42,127,40717,-8.949825014029798,49.89006805419922,112.84542353399868,0.050000000000000044,True
ddqn_per,42,128,40798,-215.49064625355953,49.14982604980469,122.2323205264998,0.050000000000000044,True
ddqn_per,42,129,40935,-42.97709297479713,50.60611343383789,122.37070144876077,0.050000000000000044,True
ddqn_per,42,130,41110,21.35518327427407,50.226078033447266,128.21211502075195,0.050000000000000044,True
ddqn_per,42,131,41171,-159.91198978810496,50.13931655883789,136.16249234559106,0.050000000000000044,True
ddqn_per,42,132,41261,-105.31506326061623,49.18183898925781,133.34310281541613,0.050000000000000044,True
ddqn_per,42,133,41429,9.286393551233019,49.60009765625,130.4297216960362,0.050000000000000044,True
ddqn_per,42,134,41746,-10.47814841268243,50.872676849365234,130.041002111104,0.050000000000000044,True
ddqn_per,42,135,41931,-378.78147792662924,51.58103561401367,139.02936026083455,0.050000000000000044,True
ddqn_per,42,136,42181,-25.04593479208772,50.750450134277344,140.96267546081543,0.050000000000000044,True
ddqn_per,42,137,42250,-48.27599231903589,50.968997955322266,139.89139269400334,0.050000000000000044,True
ddqn_per,42,138,42333,-277.25934128724646,51.75099182128906,148.60083724791744,0.050000000000000044,True
ddqn_per,42,139,42627,-209.30007435500175,52.61479568481445,151.34239404379915,0.050000000000000044,True
ddqn_per,42,140,42718,-326.8006705712563,52.01152420043945,162.76394301194412,0.050000000000000044,True
ddqn_per,42,141,42784,-151.56163269387756,52.51178741455078,162.58289498993844,0.050000000000000044,True
ddqn_per,42,142,42904,-46.80965478240555,52.147159576416016,162.70758107503255,0.050000000000000044,True
ddqn_per,42,143,43084,9.768506013423803,53.59132766723633,163.52356257968478,0.050000000000000044,True
ddqn_per,42,144,43296,-25.08496963177319,53.87515640258789,160.2078080087338,0.050000000000000044,True
ddqn_per,42,145,43361,-128.18574478853444,54.06296920776367,157.203102346567,0.050000000000000044,True
ddqn_per,42,146,43426,-143.53916799591101,52.99429702758789,168.11757237361027,0.050000000000000044,True
ddqn_per,42,147,43525,-159.2762460470678,53.942657470703125,168.00836204760003,0.050000000000000044,True
ddqn_per,42,148,43586,-143.35028306022974,54.9789924621582,178.91593007572362,0.050000000000000044,True
ddqn_per,42,149,43673,-199.3711553476678,52.65924835205078,181.35492925534302,0.050000000000000044,True
ddqn_per,42,150,43840,-612.2324341953292,53.27302551269531,175.5409649374956,0.050000000000000044,True
ddqn_per,42,151,44068,-485.94588232379,53.7548828125,182.84792639079848,0.050000000000000044,True
ddqn_per,42,152,44194,-531.9359894099257,54.27230453491211,196.61067744663782,0.050000000000000044,True
ddqn_per,42,153,44293,-37.06373138528468,54.17391586303711,194.70263016825976,0.050000000000000044,True
ddqn_per,42,154,44391,-335.2212938992077,54.184967041015625,196.5524900008221,0.050000000000000044,True
ddqn_per,42,155,44488,-371.5939055088718,54.347835540771484,208.61706975563285,0.050000000000000044,True
ddqn_per,42,156,45024,-57.27211399998339,57.03301239013672,197.93988549531394,0.050000000000000044,True
ddqn_per,42,157,45105,-219.94286529092284,55.14118194580078,217.49333407555096,0.050000000000000044,True
ddqn_per,42,158,45160,-342.2077610624128,55.97502899169922,220.08632562810723,0.050000000000000044,True
ddqn_per,42,159,45234,-277.2521818520308,55.8658447265625,215.78504954157648,0.050000000000000044,True
ddqn_per,42,160,45339,-79.76902894556447,55.193626403808594,215.49393477666945,0.050000000000000044,True
ddqn_per,42,161,45424,-330.9433180007308,56.325592041015625,212.2060966940487,0.050000000000000044,True
ddqn_per,42,162,45505,-337.977924303873,58.075408935546875,207.75340638337312,0.050000000000000044,True
ddqn_per,42,163,45596,-325.9417229568293,57.259464263916016,228.5627918453007,0.050000000000000044,True
ddqn_per,42,164,45708,-517.9293134997981,56.705421447753906,218.1948696545192,0.050000000000000044,True
ddqn_per,42,165,45824,-456.70209201025824,56.526180267333984,230.9324446711047,0.050000000000000044,True
ddqn_per,42,166,45899,-401.3474703828611,56.67405700683594,229.09924245198567,0.050000000000000044,True
ddqn_per,42,167,45966,-417.8014673712339,56.55768966674805,251.02629294324277,0.050000000000000044,True
ddqn_per,42,168,46045,-174.18391837661653,56.56111145019531,240.08946430834033,0.050000000000000044,True
ddqn_per,42,169,46139,-215.22057123576394,57.920997619628906,241.50037757386553,0.050000000000000044,True
ddqn_per,42,170,46255,-522.1628835086249,57.47566223144531,252.87481301406334,0.050000000000000044,True
ddqn_per,42,171,46307,-324.1635198224801,57.54313659667969,254.51520068828876,0.050000000000000044,True
ddqn_per,42,172,46361,-307.48305268813385,56.71110534667969,268.697449154324,0.050000000000000044,True
ddqn_per,42,173,46445,-235.02341679617695,57.095802307128906,256.0532541729155,0.050000000000000044,True
ddqn_per,42,174,46518,-381.70913722730864,58.26213836669922,265.74205330626603,0.050000000000000044,True
ddqn_per,42,175,46614,-476.81643152831987,58.940765380859375,270.29602750142413,0.050000000000000044,True
ddqn_per,42,176,46734,-324.22765372690117,58.85764694213867,268.0996349334717,0.050000000000000044,True
ddqn_per,42,177,47169,-116.0708833396908,58.54063034057617,270.5930393262841,0.050000000000000044,True
ddqn_per,42,178,47251,-258.2512106508959,59.33381652832031,281.6560843863138,0.050000000000000044,True
ddqn_per,42,179,47353,-173.32459527998012,58.086700439453125,271.20574218151614,0.050000000000000044,True
ddqn_per,42,180,47423,-289.49598818931224,57.913692474365234,275.2455169677734,0.050000000000000044,True
ddqn_per,42,181,47484,-203.13291754395402,58.8206901550293,270.9139141645588,0.050000000000000044,True
ddqn_per,42,182,47567,-254.71797070308588,58.371482849121094,291.8470164839044,0.050000000000000044,True
ddqn_per,42,183,47639,-294.4067578304523,58.26374053955078,291.46972974141437,0.050000000000000044,True
ddqn_per,42,184,47753,-486.6209370789445,59.73575210571289,291.37317162229306,0.050000000000000044,True
ddqn_per,42,185,47814,-406.35738906531196,57.69791030883789,319.7611264088115,0.050000000000000044,True
ddqn_per,42,186,47880,-247.77254491934596,58.624908447265625,295.9985046386719,0.050000000000000044,True
ddqn_per,42,187,47938,-169.82193851351764,58.776329040527344,302.0750585095636,0.050000000000000044,True
ddqn_per,42,188,47998,-289.7380564757517,58.65950012207031,308.22595087687176,0.050000000000000044,True
ddqn_per,42,189,48054,-288.8912216646912,59.653926849365234,302.4512732369559,0.050000000000000044,True
ddqn_per,42,190,48120,-303.5687447287102,59.98040008544922,313.04868917754203,0.050000000000000044,True
ddqn_per,42,191,48225,-110.90068937557334,59.205936431884766,327.46642136346725,0.050000000000000044,True
ddqn_per,42,192,48302,-212.84089111377264,60.38816452026367,320.33478040819045,0.050000000000000044,True
ddqn_per,42,193,48378,-618.2806485766778,59.59284973144531,333.81559532567076,0.050000000000000044,True
ddqn_per,42,194,48472,-316.9668702156558,59.394248962402344,327.17100930721205,0.050000000000000044,True
ddqn_per,42,195,48555,-598.1666297520392,60.10652160644531,339.3224739166628,0.050000000000000044,True
ddqn_per,42,196,48630,-613.4144405252539,60.501434326171875,341.23394775390625,0.050000000000000044,True
ddqn_per,42,197,48716,-455.33432239800504,61.43124008178711,343.43789938993234,0.050000000000000044,True
ddqn_per,42,198,48787,-249.34617697788156,59.85600662231445,340.59729648643815,0.050000000000000044,True
ddqn_per,42,199,48858,-493.26437763436064,60.144073486328125,359.6296343736246,0.050000000000000044,True
ddqn_per,42,200,48915,-449.7896068522573,60.38471603393555,356.2985564114755,0.050000000000000044,True
ddqn_per,42,201,48978,-301.5759202935828,59.402099609375,335.32500930059524,0.050000000000000044,True
ddqn_per,42,202,49063,-565.1968715058024,61.95500183105469,367.2578939998851,0.050000000000000044,True
ddqn_per,42,203,49156,-325.73210267362055,62.008888244628906,347.74621040590347,0.050000000000000044,True
ddqn_per,42,204,49222,-486.1237396279484,61.769317626953125,356.6216761271159,0.050000000000000044,True
ddqn_per,42,205,49328,-204.29407127376498,60.907718658447266,359.8864298406637,0.050000000000000044,True
ddqn_per,42,206,49395,-563.6124424605994,61.83128356933594,362.02945105709244,0.050000000000000044,True
ddqn_per,42,207,49467,-295.76867561683343,61.287506103515625,365.3011054992676,0.050000000000000044,True
ddqn_per,42,208,49586,-685.3241422006666,63.39411926269531,387.5852926558807,0.050000000000000044,True
ddqn_per,42,209,49665,-601.1205780465848,63.472660064697266,411.26305379746833,0.050000000000000044,True
ddqn_per,42,210,49730,-332.3516012046825,63.04949188232422,399.40780545748197,0.050000000000000044,True
ddqn_per,42,211,49798,-207.80670444861687,62.719444274902344,385.64848709106445,0.050000000000000044,True
ddqn_per,42,212,49867,-309.56979026226935,62.768699645996094,381.0727191869763,0.050000000000000044,True
ddqn_per,42,213,50054,-456.21246651770593,64.7146987915039,391.0009084283349,0.050000000000000044,True
ddqn_per,42,214,50137,-405.5463649738831,64.27293395996094,397.3623414556664,0.050000000000000044,True
ddqn_per,42,215,50202,-305.1236008872312,66.00115203857422,405.33210707444414,0.050000000000000044,True
ddqn_per,42,216,50286,-427.1034357776252,64.96661376953125,408.3960326058524,0.050000000000000044,True
ddqn_per,42,217,50344,-440.78132201959596,65.41211700439453,414.14725047144395,0.050000000000000044,True
ddqn_per,42,218,50398,-463.52224890158533,65.72057342529297,409.7463828192817,0.050000000000000044,True
ddqn_per,42,219,50456,-328.80731030567017,65.08796691894531,411.25800086712013,0.050000000000000044,True
ddqn_per,42,220,50510,-450.11441218392935,66.81855773925781,421.6532790572555,0.050000000000000044,True
ddqn_per,42,221,50564,-506.5603792117109,64.8282470703125,439.3245996545862,0.050000000000000044,True
ddqn_per,42,222,50657,-317.2058381232049,65.49068450927734,411.8895910119498,0.050000000000000044,True
ddqn_per,42,223,50712,-464.57797739774185,64.40939331054688,437.22453946200284,0.050000000000000044,True
ddqn_per,42,224,50778,-594.7059364997988,65.01908111572266,418.32664119836056,0.050000000000000044,True
ddqn_per,42,225,50842,-441.29920571148983,65.25150299072266,442.30466890335083,0.050000000000000044,True
ddqn_per,42,226,50903,-437.2851138991527,65.93704223632812,440.27207821705304,0.050000000000000044,True
ddqn_per,42,227,50963,-226.07983318509164,62.96476745605469,426.92223459879557,0.050000000000000044,True
ddqn_per,42,228,51024,-280.4314557301916,68.56050109863281,438.64614718077615,0.050000000000000044,True
ddqn_per,42,229,51113,-429.5185695513455,67.0459213256836,459.641881021221,0.050000000000000044,True
ddqn_per,42,230,51173,-640.0014704233365,67.52973937988281,441.1127126057943,0.050000000000000044,True
ddqn_per,42,231,51284,-653.0816304013047,68.20187377929688,453.08393076303844,0.050000000000000044,True
ddqn_per,42,232,51351,-295.6422072381389,69.18515014648438,445.2729296328416,0.050000000000000044,True
ddqn_per,42,233,51429,-645.6306061629357,69.14110565185547,465.54884162315955,0.050000000000000044,True
ddqn_per,42,234,51495,-409.6256502024932,67.2108383178711,449.9944518118194,0.050000000000000044,True
ddqn_per,42,235,51558,-570.5602676539253,71.37876892089844,466.06036473834325,0.050000000000000044,True
ddqn_per,42,236,51629,-548.333709810859,70.26083374023438,476.14134237799846,0.050000000000000044,True
ddqn_per,42,237,51694,-259.12776659634693,70.53104400634766,478.97825575608476,0.050000000000000044,True
ddqn_per,42,238,51774,-553.4688469050451,71.02965545654297,481.97621994018556,0.050000000000000044,True
ddqn_per,42,239,51855,-411.4249193156059,70.19459533691406,474.6044424551505,0.050000000000000044,True
ddqn_per,42,240,51933,-472.3286455220371,70.49585723876953,489.35167126777844,0.050000000000000044,True
ddqn_per,42,241,52016,-400.9471000846682,74.84276580810547,490.4537996958537,0.050000000000000044,True
ddqn_per,42,242,52078,-246.03290362241805,71.67759704589844,495.6309149957472,0.050000000000000044,True
ddqn_per,42,243,52145,-626.7016977272464,73.36466217041016,498.00189072338503,0.050000000000000044,True
ddqn_per,42,244,52221,-668.5881606272521,72.18179321289062,502.64755630493164,0.050000000000000044,True
ddqn_per,42,245,52287,-613.839899231224,72.21424102783203,497.1030333547881,0.050000000000000044,True
ddqn_per,42,246,52398,-451.81303883923306,73.33647155761719,501.1311131382848,0.050000000000000044,True
ddqn_per,42,247,52471,-606.7787012910997,71.14018249511719,510.3358773009418,0.050000000000000044,True
ddqn_per,42,248,52533,-634.5191164125517,74.67617797851562,541.9507623487904,0.050000000000000044,True
ddqn_per,42,249,52598,-513.0750233496271,76.8182601928711,542.315032019982,0.050000000000000044,True
ddqn_per,42,250,52661,-561.7991272469335,75.98926544189453,550.5031045580668,0.050000000000000044,True
ddqn_per,42,251,52740,-511.6992212627853,75.05986022949219,530.141921803921,0.050000000000000044,True
ddqn_per,42,252,52813,-406.0055116855055,75.91600799560547,526.7472713940764,0.050000000000000044,True
ddqn_per,42,253,52871,-368.4652342943227,75.9594955444336,515.0124780062971,0.050000000000000044,True
ddqn_per,42,254,52947,-450.6116047262597,74.07699584960938,528.4447354768452,0.050000000000000044,True
ddqn_per,42,255,53037,-473.9801536837917,81.85519409179688,525.4891157362197,0.050000000000000044,True
ddqn_per,42,256,53099,-325.94837101495955,82.39875030517578,534.2754137592931,0.050000000000000044,True
ddqn_per,42,257,53175,-343.7977360186927,81.0429458618164,531.0694632279245,0.050000000000000044,True
ddqn_per,42,258,53238,-580.0128268219415,81.330322265625,537.0090612986731,0.050000000000000044,True
ddqn_per,42,259,53297,-534.39479599108,81.74552917480469,550.7043322547007,0.050000000000000044,True
ddqn_per,42,260,53367,-640.4719856932358,80.75774383544922,571.2992453438895,0.050000000000000044,True
ddqn_per,42,261,53449,-429.23272535362287,80.70093536376953,527.1077240734566,0.050000000000000044,True
ddqn_per,42,262,53536,-485.7228303454135,88.37442016601562,548.0987012139682,0.050000000000000044,True
ddqn_per,42,263,53608,-242.80628329819723,87.22920227050781,542.3559748331705,0.050000000000000044,True
ddqn_per,42,264,53673,-587.3849693815712,89.20568084716797,543.562944148137,0.050000000000000044,True
ddqn_per,42,265,53809,-513.7248612971327,89.73192596435547,542.7687970329733,0.050000000000000044,True
ddqn_per,42,266,53882,-578.0936521186911,90.86444091796875,571.7728472147902,0.050000000000000044,True
ddqn_per,42,267,53942,-338.88861020631623,88.91182708740234,556.2937530517578,0.050000000000000044,True
ddqn_per,42,268,54001,-639.6307489419812,88.77145385742188,553.8144008830442,0.050000000000000044,True
ddqn_per,42,269,54075,-550.2243762570578,96.46375274658203,568.0059896933066,0.050000000000000044,True
ddqn_per,42,270,54148,-707.2651608365112,94.3202133178711,571.7050714362158,0.050000000000000044,True
ddqn_per,42,271,54232,-668.9930159135344,94.90807342529297,601.3742207118443,0.050000000000000044,True
ddqn_per,42,272,54295,-582.187181200176,93.98070526123047,567.8898683578249,0.050000000000000044,True
ddqn_per,42,273,54365,-510.0651404072615,96.56204986572266,562.9032893589565,0.050000000000000044,True
ddqn_per,42,274,54442,-661.3666847557863,93.97929382324219,570.984537099863,0.050000000000000044,True
ddqn_per,42,275,54519,-583.7101853120687,110.10379791259766,568.8448204932275,0.050000000000000044,True
ddqn_per,42,276,54579,-478.19006315239506,102.55422973632812,567.3832326253255,0.050000000000000044,True
ddqn_per,42,277,54645,-660.4790880414524,103.25863647460938,618.7311988599373,0.050000000000000044,True
ddqn_per,42,278,54706,-552.3915913590552,104.09288787841797,589.7206686051165,0.050000000000000044,True
ddqn_per,42,279,54761,-347.544041981434,103.38702392578125,616.5251226251776,0.050000000000000044,True
ddqn_per,42,280,54831,-558.0337063702352,104.4788589477539,593.957634626116,0.050000000000000044,True
ddqn_per,42,281,54909,-628.5847395161842,103.0392074584961,592.1227233104216,0.050000000000000044,True
ddqn_per,42,282,54986,-684.3183483524008,104.99591064453125,597.0912511255834,0.050000000000000044,True
ddqn_per,42,283,55039,-374.3128699034759,113.27311706542969,622.7154558289726,0.050000000000000044,True
ddqn_per,42,284,55108,-687.3667764984975,112.29623413085938,625.5311668506567,0.050000000000000044,True
ddqn_per,42,285,55179,-703.041383146601,114.06369018554688,621.2169709541429,0.050000000000000044,True
ddqn_per,42,286,55243,-648.4496315131456,113.44889831542969,623.4087810516357,0.050000000000000044,True
ddqn_per,42,287,55307,-607.6319135293829,112.96459197998047,639.0775370597839,0.050000000000000044,True
ddqn_per,42,288,55375,-622.0838556339941,113.18962860107422,642.2155461030848,0.050000000000000044,True
ddqn_per,42,289,55442,-654.544535121371,112.04932403564453,625.1070114818972,0.050000000000000044,True
ddqn_per,42,290,55522,-530.365718132495,130.91836547851562,619.6240020751953,0.050000000000000044,True
ddqn_per,42,291,55602,-709.9313917708895,124.42840576171875,643.2550621032715,0.050000000000000044,True
ddqn_per,42,292,55670,-612.8825868585619,123.97756958007812,656.1363444608801,0.050000000000000044,True
ddqn_per,42,293,55729,-345.0412015601777,124.24322509765625,627.3015219478284,0.050000000000000044,True
ddqn_per,42,294,55802,-625.1699841958799,122.69464111328125,617.3046586546179,0.050000000000000044,True
ddqn_per,42,295,55862,-417.86847229705324,124.86479187011719,636.5272262573242,0.050000000000000044,True
ddqn_per,42,296,55943,-548.1831966101988,123.76985168457031,648.2350505310812,0.050000000000000044,True
ddqn_per,42,297,56012,-574.7991975613936,139.76841735839844,650.7764299917912,0.050000000000000044,True
ddqn_per,42,298,56083,-625.8513578266897,135.31646728515625,650.2380826708296,0.050000000000000044,True
ddqn_per,42,299,56170,-757.6729917673665,136.2822723388672,668.7284742333424,0.050000000000000044,True
ddqn_per,42,300,56245,-720.1615615040445,136.99757385253906,667.4443151855469,0.050000000000000044,True
ddqn_per,42,301,56309,-605.3010696814348,136.1249237060547,679.8255114555359,0.050000000000000044,True
ddqn_per,42,302,56364,-344.2372646289252,138.43685913085938,619.156407026811,0.050000000000000044,True
ddqn_per,42,303,56439,-639.5624509632595,137.07154846191406,651.952646891276,0.050000000000000044,True
ddqn_per,42,304,56509,-663.5892590933973,147.1759490966797,651.6836887904576,0.050000000000000044,True
ddqn_per,42,305,56573,-379.1005566406356,151.6644287109375,692.1073927879333,0.050000000000000044,True
ddqn_per,42,306,56640,-566.8556818044854,152.71173095703125,673.5144033859025,0.050000000000000044,True
ddqn_per,42,307,56705,-575.0887901503522,152.71295166015625,686.6617102989784,0.050000000000000044,True
ddqn_per,42,308,56786,-620.4443690767571,150.88571166992188,677.9021640353733,0.050000000000000044,True
ddqn_per,42,309,56852,-530.2396076687919,152.82974243164062,665.559648918383,0.050000000000000044,True
ddqn_per,42,310,56921,-644.8078909837062,152.94261169433594,705.4824753913326,0.050000000000000044,True
ddqn_per,42,311,57005,-549.7107096341622,154.83953857421875,679.3393936157227,0.050000000000000044,True
ddqn_per,42,312,57078,-580.6891298230657,166.91424560546875,682.7836429125642,0.050000000000000044,True
ddqn_per,42,313,57142,-553.3156947692414,165.8081512451172,667.0667824745178,0.050000000000000044,True
ddqn_per,42,314,57198,-290.17993886383226,167.0513916015625,682.673810686384,0.050000000000000044,True
ddqn_per,42,315,57271,-649.0973524200243,167.98373413085938,678.9429655728275,0.050000000000000044,True
ddqn_per,42,316,57352,-617.8434220428486,167.63800048828125,688.7376403808594,0.050000000000000044,True
ddqn_per,42,317,57415,-648.636901558089,165.68019104003906,688.4537629627046,0.050000000000000044,True
ddqn_per,42,318,57471,-258.9881116975756,167.7439422607422,697.842808859689,0.050000000000000044,True
ddqn_per,42,319,57527,-264.0460079195269,188.78201293945312,668.8097899300711,0.050000000000000044,True
ddqn_per,42,320,57582,-440.3147415066537,183.8535919189453,708.4331903631037,0.050000000000000044,True
ddqn_per,42,321,57657,-647.1262196539292,185.4670867919922,703.1684191894532,0.050000000000000044,True
ddqn_per,42,322,57714,-364.29197350457224,187.8251953125,668.3542111045435,0.050000000000000044,True
ddqn_per,42,323,57772,-514.8147111695687,186.50384521484375,687.6500086291082,0.050000000000000044,True
ddqn_per,42,324,57851,-589.1976016726558,184.07127380371094,713.9761182567742,0.050000000000000044,True
ddqn_per,42,325,57935,-764.971944344908,185.72549438476562,693.5379907517206,0.050000000000000044,True
ddqn_per,42,326,58007,-671.8984205540394,196.92010498046875,697.3596161736382,0.050000000000000044,True
ddqn_per,42,327,58066,-508.6692160963445,204.8388671875,702.692787816969,0.050000000000000044,True
ddqn_per,42,328,58136,-691.2118137874401,206.5832977294922,709.6454119001116,0.050000000000000044,True
ddqn_per,42,329,58210,-520.3762640129912,206.61483764648438,700.5769694560283,0.050000000000000044,True
ddqn_per,42,330,58295,-733.5417507827451,205.89224243164062,732.3782441980699,0.050000000000000044,True
ddqn_per,42,331,58363,-482.9774806185057,205.51547241210938,692.6217251945944,0.050000000000000044,True
ddqn_per,42,332,58430,-600.8004064776587,205.66685485839844,713.7638709224872,0.050000000000000044,True
ddqn_per,42,333,58502,-569.1109360733233,204.71238708496094,684.1361372205946,0.050000000000000044,True
ddqn_per,42,334,58572,-682.6670353860604,226.3881378173828,716.5730172293527,0.050000000000000044,True
ddqn_per,42,335,58628,-414.0812092675171,225.05340576171875,712.2560937064035,0.050000000000000044,True
ddqn_per,42,336,58697,-592.9805824605977,224.7872314453125,704.4580715013587,0.050000000000000044,True
ddqn_per,42,337,58775,-485.8654744884391,224.36837768554688,691.4010674892328,0.050000000000000044,True
ddqn_per,42,338,58831,-538.061463640204,227.45314025878906,718.6317738124302,0.050000000000000044,True
ddqn_per,42,339,58896,-369.0481232716062,225.9701385498047,711.5302006648137,0.050000000000000044,True
ddqn_per,42,340,58950,-409.72778322608013,225.25350952148438,697.1330724645544,0.050000000000000044,True
ddqn_per,42,341,59029,-744.3988620434169,256.44366455078125,727.5727330461333,0.050000000000000044,True
ddqn_per,42,342,59087,-341.4668800479861,252.00167846679688,720.2403017241379,0.050000000000000044,True
ddqn_per,42,343,59168,-421.74502432859157,253.90567016601562,706.7569576310523,0.050000000000000044,True
ddqn_per,42,344,59236,-567.470029326778,255.2408447265625,704.1456446928137,0.050000000000000044,True
ddqn_per,42,345,59298,-319.05600773064884,255.14187622070312,722.9878126575101,0.050000000000000044,True
ddqn_per,42,346,59370,-633.1604712890805,251.2458953857422,711.2797944810656,0.050000000000000044,True
ddqn_per,42,347,59442,-482.8765767440361,253.41690063476562,697.043214586046,0.050000000000000044,True
ddqn_per,42,348,59510,-646.4029213220845,267.8677673339844,742.9467782413258,0.050000000000000044,True
ddqn_per,42,349,59587,-646.1783781579315,284.62591552734375,734.1149391075234,0.050000000000000044,True
ddqn_per,42,350,59660,-662.7141580973043,282.81231689453125,722.721654604559,0.050000000000000044,True
ddqn_per,42,351,59733,-697.2651518342236,279.8426818847656,764.494765190229,0.050000000000000044,True
ddqn_per,42,352,59789,-491.7646651799193,280.8874816894531,763.5181525094168,0.050000000000000044,True
ddqn_per,42,353,59858,-638.1411783785481,279.57000732421875,742.4590821197067,0.050000000000000044,True
ddqn_per,42,354,59927,-513.0070427107378,285.1034851074219,744.7487934499547,0.050000000000000044,True
ddqn_per,42,355,59994,-541.0395087709438,279.4991455078125,729.2804264808768,0.050000000000000044,True
ddqn_per,42,356,60067,-634.9492295879198,309.0353088378906,751.0585586338827,0.050000000000000044,True
ddqn_per,42,357,60129,-574.3304241005472,312.65399169921875,760.7558406706779,0.050000000000000044,True
ddqn_per,42,358,60205,-712.0516710852945,308.9749755859375,759.4041069432309,0.050000000000000044,True
ddqn_per,42,359,60286,-467.43832403835194,310.0180969238281,755.0569533359858,0.050000000000000044,True
ddqn_per,42,360,60345,-616.736318018871,312.7037353515625,760.4007558014433,0.050000000000000044,True
ddqn_per,42,361,60410,-348.3327522390006,308.6977844238281,763.3389263446514,0.050000000000000044,True
ddqn_per,42,362,60474,-543.1317152197762,310.2237243652344,762.5900764465332,0.050000000000000044,True
ddqn_per,42,363,60549,-497.30582346891686,342.4029541015625,741.1082552083334,0.050000000000000044,True
ddqn_per,42,364,60616,-653.989117203977,338.162841796875,765.6262125043727,0.050000000000000044,True
ddqn_per,42,365,60686,-573.3819270339687,337.0165100097656,745.8436837332589,0.050000000000000044,True
ddqn_per,42,366,60754,-542.4046390611015,340.01129150390625,754.9504538143383,0.050000000000000044,True
ddqn_per,42,367,60828,-547.4586323989864,340.4237365722656,748.5291904758762,0.050000000000000044,True
ddqn_per,42,368,60899,-548.7389241773958,340.3606262207031,748.3412810849471,0.050000000000000044,True
ddqn_per,42,369,60959,-530.6872881531744,336.65350341796875,780.1145833333334,0.050000000000000044,True
ddqn_per,42,370,61027,-601.8900147848199,370.90203857421875,763.1401726217831,0.050000000000000044,True
ddqn_per,42,371,61111,-509.493631335916,364.58929443359375,761.2125098818824,0.050000000000000044,True
ddqn_per,42,372,61195,-665.7195911356172,365.24334716796875,771.4076196579706,0.050000000000000044,True
ddqn_per,42,373,61265,-626.2795199362664,365.3121337890625,770.1655613490514,0.050000000000000044,True
ddqn_per,42,374,61330,-517.5784998143133,369.193359375,762.982661320613,0.050000000000000044,True
ddqn_per,42,375,61396,-453.85531013114115,368.1589050292969,737.523261792732,0.050000000000000044,True
ddqn_per,42,376,61480,-740.7961808829184,364.3455505371094,754.106209164574,0.050000000000000044,True
ddqn_per,42,377,61556,-678.8986193223809,399.4306335449219,744.6052318372225,0.050000000000000044,True
ddqn_per,42,378,61622,-514.5100190367557,399.49334716796875,778.2205209443064,0.050000000000000044,True
ddqn_per,42,379,61684,-310.35762383185147,396.7077331542969,744.497298209898,0.050000000000000044,True
ddqn_per,42,380,61751,-548.3381408821318,401.746337890625,778.2205610132929,0.050000000000000044,True
ddqn_per,42,381,61819,-356.4080828392097,401.2331237792969,757.7934974221622,0.050000000000000044,True
ddqn_per,42,382,61888,-577.6415700939609,396.9917907714844,755.2054717575295,0.050000000000000044,True
ddqn_per,42,383,61965,-662.0817488704938,399.1171875,759.4091995041092,0.050000000000000044,True
ddqn_per,42,384,62028,-375.78251392593495,445.14727783203125,786.3202873108879,0.050000000000000044,True
ddqn_per,42,385,62107,-703.586879814959,435.0391540527344,783.3336050299149,0.050000000000000044,True
ddqn_per,42,386,62173,-290.46758853644417,435.060791015625,763.6801207571318,0.050000000000000044,True
ddqn_per,42,387,62236,-528.8767585217047,433.71484375,760.3073129805308,0.050000000000000044,True
ddqn_per,42,388,62295,-428.34942580964315,438.14495849609375,778.0124118610964,0.050000000000000044,True
ddqn_per,42,389,62373,-692.1406750707068,437.10687255859375,770.5050174028446,0.050000000000000044,True
ddqn_per,42,390,62453,-670.3514728878338,435.468505859375,757.8611915588378,0.050000000000000044,True
ddqn_per,42,391,62543,-667.9018479141639,472.3934631347656,775.5218343098958,0.050000000000000044,True
ddqn_per,42,392,62622,-690.4437871857634,471.6565246582031,791.2735186226761,0.050000000000000044,True
ddqn_per,42,393,62692,-472.0494726254961,470.15008544921875,780.2940534319197,0.050000000000000044,True
ddqn_per,42,394,62760,-605.8471241118248,469.9887390136719,774.2499955121209,0.050000000000000044,True
ddqn_per,42,395,62844,-506.14211968708446,469.5891418457031,781.4813174293155,0.050000000000000044,True
ddqn_per,42,396,62914,-645.4536356427094,472.6338806152344,762.1048780168805,0.050000000000000044,True
ddqn_per,42,397,62995,-631.0971801077276,471.6907958984375,799.8031699098186,0.050000000000000044,True
ddqn_per,42,398,63072,-651.546956073671,511.2711181640625,769.6241312398539,0.050000000000000044,True
ddqn_per,42,399,63175,-756.8192313714392,505.6210632324219,769.3638684911635,0.050000000000000044,True
ddqn_per,42,400,63252,-680.1600160393502,507.7708740234375,765.8275511109983,0.050000000000000044,True
ddqn_per,42,401,63314,-520.4788807465538,505.2695007324219,752.8538198163433,0.050000000000000044,True
ddqn_per,42,402,63376,-609.1658102670476,503.9717102050781,773.052969655683,0.050000000000000044,True
ddqn_per,42,403,63439,-389.5902709197922,501.18109130859375,776.2673213898189,0.050000000000000044,True
ddqn_per,42,404,63508,-465.8320858627622,509.7579040527344,769.7460229846015,0.050000000000000044,True
ddqn_per,42,405,63590,-751.6313360304815,544.5430297851562,750.6375732421875,0.050000000000000044,True
ddqn_per,42,406,63663,-612.996491312293,542.5399780273438,780.4359607435252,0.050000000000000044,True
ddqn_per,42,407,63749,-703.4718899193348,542.8735961914062,757.4018050792605,0.050000000000000044,True
ddqn_per,42,408,63810,-593.5077577581137,546.2327880859375,756.2141433465677,0.050000000000000044,True
ddqn_per,42,409,63880,-364.1913611553814,544.0372924804688,760.0542061941965,0.050000000000000044,True
ddqn_per,42,410,63952,-470.5485004366242,540.8963012695312,736.298942565918,0.050000000000000044,True
ddqn_per,42,411,64036,-552.8594525624076,582.4618530273438,724.3074144635882,0.050000000000000044,True
ddqn_per,42,412,64096,-414.5003523229461,584.5899658203125,749.3226552327474,0.050000000000000044,True
ddqn_per,42,413,64178,-500.99707765993315,581.7697143554688,759.5196585306307,0.050000000000000044,True
ddqn_per,42,414,64249,-604.6602002493518,582.768310546875,751.3566516285211,0.050000000000000044,True
ddqn_per,42,415,64323,-467.55907479213676,579.3582153320312,741.9589934477935,0.050000000000000044,True
ddqn_per,42,416,64388,-242.5614435553919,580.071044921875,716.8495276817908,0.050000000000000044,True
ddqn_per,42,417,64450,-471.9699535099391,583.1913452148438,725.7971585181451,0.050000000000000044,True
ddqn_per,42,418,64539,-473.77817347350106,620.2517700195312,756.8088372048368,0.050000000000000044,True
ddqn_per,42,419,64603,-574.4785573938227,617.2943725585938,744.8184251785278,0.050000000000000044,True
ddqn_per,42,420,64688,-677.4083259657989,617.781982421875,736.6447107651654,0.050000000000000044,True
ddqn_per,42,421,64757,-353.16516168960754,621.138427734375,757.6633544037308,0.050000000000000044,True
ddqn_per,42,422,64825,-424.168676708338,623.6956176757812,765.7854389863855,0.050000000000000044,True
ddqn_per,42,423,64912,-520.8209400326153,618.6950073242188,733.681640625,0.050000000000000044,True
ddqn_per,42,424,64975,-477.0466443168481,616.6248168945312,748.9608599950396,0.050000000000000044,True
ddqn_per,42,425,65040,-424.5574574657963,666.5114135742188,712.744912484976,0.050000000000000044,True
ddqn_per,42,426,65108,-570.7938020097746,659.8961181640625,717.3673737469842,0.050000000000000044,True
ddqn_per,42,427,65169,-312.91245076531146,662.96337890625,730.2430469950691,0.050000000000000044,True
ddqn_per,42,428,65253,-625.908981059318,663.749267578125,729.5027077084496,0.050000000000000044,True
ddqn_per,42,429,65337,-506.1970314744998,660.6228637695312,737.3058675130209,0.050000000000000044,True
ddqn_per,42,430,65400,-471.8105765704718,663.3314208984375,719.4514654250372,0.050000000000000044,True
ddqn_per,42,431,65461,-573.6707449977525,656.6752319335938,708.7639965620198,0.050000000000000044,True
ddqn_per,42,432,65540,-534.237617773537,699.5342407226562,718.1853413642207,0.050000000000000044,True
ddqn_per,42,433,65607,-548.6911385985394,698.9832763671875,737.4720131034281,0.050000000000000044,True
ddqn_per,42,434,65682,-638.0089635852837,699.6455688476562,730.2008239746094,0.050000000000000044,True
ddqn_per,42,435,65760,-607.5115146278317,700.76611328125,708.3199979341947,0.050000000000000044,True
ddqn_per,42,436,65840,-580.4902980912805,698.81396484375,707.6114448547363,0.050000000000000044,True
ddqn_per,42,437,65910,-401.6549355324965,699.371826171875,717.9660836356027,0.050000000000000044,True
ddqn_per,42,438,65976,-375.74670950106776,707.932373046875,720.3510335286459,0.050000000000000044,True
ddqn_per,42,439,66065,-891.3363919423633,744.77734375,698.8367110691713,0.050000000000000044,True
ddqn_per,42,440,66149,-534.6226385658143,745.04833984375,706.6710077921549,0.050000000000000044,True
ddqn_per,42,441,66220,-468.57518558389734,740.423828125,700.406718079473,0.050000000000000044,True
ddqn_per,42,442,66310,-457.3002218865156,740.005126953125,694.4411278618707,0.050000000000000044,True
ddqn_per,42,443,66383,-450.6508556266881,740.7532958984375,682.0287350171233,0.050000000000000044,True
ddqn_per,42,444,66457,-624.087879737671,737.4078979492188,707.7067149394268,0.050000000000000044,True
ddqn_per,42,445,66538,-464.4407340724209,787.5840454101562,681.8666046519338,0.050000000000000044,True
ddqn_per,42,446,66607,-455.555564581819,784.3856201171875,671.8726443967957,0.050000000000000044,True
ddqn_per,42,447,66671,-533.2890719155971,789.1177978515625,700.9874949455261,0.050000000000000044,True
ddqn_per,42,448,66743,-275.3078166513362,785.0672607421875,681.7293603685167,0.050000000000000044,True
ddqn_per,42,449,66815,-531.3937987477208,781.191650390625,696.3035307990181,0.050000000000000044,True
ddqn_per,42,450,66882,-557.0709002934215,785.0599975585938,692.5620814081449,0.050000000000000044,True
ddqn_per,42,451,66964,-638.6537335053648,787.4404907226562,690.6600479498143,0.050000000000000044,True
ddqn_per,42,452,67035,-637.6134380521918,829.7731323242188,698.0302029461927,0.050000000000000044,True
ddqn_per,42,453,67158,-834.6611239259739,825.2363891601562,688.78625959691,0.050000000000000044,True
ddqn_per,42,454,67239,-585.2694441062805,829.3743896484375,679.9726121690538,0.050000000000000044,True
ddqn_per,42,455,67314,-384.08445196911975,822.859619140625,692.1135278320312,0.050000000000000044,True
ddqn_per,42,456,67383,-473.69904447147206,826.43603515625,671.6873522772305,0.050000000000000044,True
ddqn_per,42,457,67455,-447.153978033631,828.065673828125,694.3278469509548,0.050000000000000044,True
ddqn_per,42,458,67546,-751.2503947025349,872.1464233398438,676.7763111827138,0.050000000000000044,True
ddqn_per,42,459,67617,-379.2853790212595,869.5409545898438,651.5313875440141,0.050000000000000044,True
ddqn_per,42,460,67693,-589.7614458190571,870.1847534179688,657.9226403487356,0.050000000000000044,True
ddqn_per,42,461,67768,-419.31194760401155,866.3304443359375,671.404443766276,0.050000000000000044,True
ddqn_per,42,462,67828,-526.8877116567035,869.8524780273438,725.0426767985026,0.050000000000000044,True
ddqn_per,42,463,67889,-553.8383559346953,869.341552734375,677.3403195240459,0.050000000000000044,True
ddqn_per,42,464,67968,-487.7921523645404,872.637939453125,666.1273004073131,0.050000000000000044,True
ddqn_per,42,465,68060,-792.627432430009,914.9414672851562,683.5784517371136,0.050000000000000044,True
ddqn_per,42,466,68133,-571.7835581257186,909.124755859375,682.631185453232,0.050000000000000044,True
ddqn_per,42,467,68207,-392.233425097549,912.7537231445312,649.9650210818729,0.050000000000000044,True
ddqn_per,42,468,68289,-666.1399525579841,915.4508666992188,670.774574465868,0.050000000000000044,True
ddqn_per,42,469,68363,-587.2960097944144,905.3487548828125,670.0662326297245,0.050000000000000044,True
ddqn_per,42,470,68444,-577.5741555331169,910.2368774414062,673.5725157937886,0.050000000000000044,True
ddqn_per,42,471,68524,-546.2953918206165,951.863525390625,669.2248252868652,0.050000000000000044,True
ddqn_per,42,472,68597,-350.35373311541275,958.1083374023438,666.8432023557898,0.050000000000000044,True
ddqn_per,42,473,68666,-605.3099681974013,952.0685424804688,675.4077546492866,0.050000000000000044,True
ddqn_per,42,474,68741,-280.49644926470256,950.2217407226562,658.7839742024739,0.050000000000000044,True
ddqn_per,42,475,68822,-645.1616394986487,952.7849731445312,651.2123823754581,0.050000000000000044,True
ddqn_per,42,476,68895,-605.9439315974364,948.6436157226562,692.6442064259151,0.050000000000000044,True
ddqn_per,42,477,68967,-564.398533216345,948.0153198242188,664.0852868821886,0.050000000000000044,True
ddqn_per,42,478,69055,-584.2220623510211,997.0348510742188,652.7819095958363,0.050000000000000044,True
ddqn_per,42,479,69135,-569.3428063304887,994.9215087890625,664.1680171966552,0.050000000000000044,True
ddqn_per,42,480,69198,-525.8809441732728,997.4369506835938,653.3506503634983,0.050000000000000044,True
ddqn_per,42,481,69277,-594.200863037441,997.2274169921875,646.8545350666287,0.050000000000000044,True
ddqn_per,42,482,69336,-539.5663394647772,1001.7332153320312,648.3607865673,0.050000000000000044,True
ddqn_per,42,483,69396,-564.650818244492,989.15234375,666.5529235839844,0.050000000000000044,True
ddqn_per,42,484,69478,-443.0809492537355,996.4628295898438,661.5995818347466,0.050000000000000044,True
ddqn_per,42,485,69545,-549.657315010999,1047.1912841796875,625.129140825414,0.050000000000000044,True
ddqn_per,42,486,69636,-477.9179989579652,1038.457275390625,659.9919909802112,0.050000000000000044,True
ddqn_per,42,487,69715,-545.9001420723123,1043.1466064453125,647.0352215344393,0.050000000000000044,True
ddqn_per,42,488,69799,-406.0772740128432,1041.5355224609375,625.5374105544317,0.050000000000000044,True
ddqn_per,42,489,69867,-604.6856835747782,1033.246337890625,653.8524672564338,0.050000000000000044,True
ddqn_per,42,490,69928,-494.7232953394837,1041.7432861328125,702.8004980868981,0.050000000000000044,True
ddqn_per,42,491,70009,-562.5613196348213,1058.5787353515625,663.1986087751977,0.050000000000000044,True
ddqn_per,42,492,70100,-755.2586560307927,1085.9935302734375,626.2971392621051,0.050000000000000044,True
ddqn_per,42,493,70185,-571.112993990076,1083.7335205078125,628.8704625746783,0.050000000000000044,True
ddqn_per,42,494,70262,-546.2554827583523,1078.7816162109375,644.4272215211546,0.050000000000000044,True
ddqn_per,42,495,70320,-571.9835441857686,1081.196533203125,668.3923844962285,0.050000000000000044,True
ddqn_per,42,496,70403,-373.01504839434887,1083.95751953125,636.8201963125941,0.050000000000000044,True
ddqn_per,42,497,70469,-539.1307832154653,1086.995849609375,656.5695329145951,0.050000000000000044,True
ddqn_per,42,498,70542,-571.0295436409867,1129.3096923828125,645.4223662075931,0.050000000000000044,True
ddqn_per,42,499,70605,-555.3557916512998,1122.9586181640625,658.278338235522,0.050000000000000044,True
ddqn_per,42,500,70685,-423.1536274956756,1127.1387939453125,642.4545074462891,0.050000000000000044,True
ddqn_per,42,501,70752,-582.7594603625168,1128.5692138671875,662.5542106059061,0.050000000000000044,True
ddqn_per,42,502,70843,-421.2896060148257,1132.046875,642.8943773206773,0.050000000000000044,True
ddqn_per,42,503,70915,-608.0380519203611,1126.2344970703125,646.4543842739529,0.050000000000000044,True
ddqn_per,42,504,70982,-534.6010124770876,1132.971435546875,667.6055953751749,0.050000000000000044,True
ddqn_per,42,505,71048,-510.63003427618224,1163.67724609375,647.3756043405244,0.050000000000000044,True
ddqn_per,42,506,71118,-578.0581595552048,1172.866455078125,651.9190761021206,0.050000000000000044,True
ddqn_per,42,507,71213,-568.585323533667,1170.1259765625,629.4762984426399,0.050000000000000044,True
ddqn_per,42,508,71294,-571.7639340561119,1164.987060546875,639.4061870810426,0.050000000000000044,True
ddqn_per,42,509,71380,-424.28141431593565,1170.4158935546875,625.0688646893169,0.050000000000000044,True
ddqn_per,42,510,71480,-341.813312013168,1168.7777099609375,634.8523104858399,0.050000000000000044,True
ddqn_per,42,511,71545,-579.3242489428255,1204.7359619140625,635.823228102464,0.050000000000000044,True
ddqn_per,42,512,71626,-545.2152033833053,1208.907958984375,590.2031227394386,0.050000000000000044,True
ddqn_per,42,513,71692,-541.2433579741407,1212.262451171875,637.5978338068181,0.050000000000000044,True
ddqn_per,42,514,71762,-578.9044403049036,1207.622314453125,608.2559012276786,0.050000000000000044,True
ddqn_per,42,515,71831,-496.33873345280006,1209.229248046875,632.0790586609771,0.050000000000000044,True
ddqn_per,42,516,71913,-537.9707616274986,1213.731201171875,627.8078401146865,0.050000000000000044,True
ddqn_per,42,517,72002,-561.6992958981117,1205.484375,601.7269667721866,0.050000000000000044,True
ddqn_per,42,518,72083,-452.4522731439204,1246.0543212890625,605.1664756492332,0.050000000000000044,True
ddqn_per,42,519,72152,-595.1968137240735,1246.193359375,611.9746385657269,0.050000000000000044,True
ddqn_per,42,520,72221,-544.1350938322279,1254.571533203125,601.1961975097656,0.050000000000000044,True
ddqn_per,42,521,72309,-502.18982737407293,1252.8037109375,592.7262202176181,0.050000000000000044,True
ddqn_per,42,522,72387,-595.4563811346158,1245.9815673828125,636.9749751946865,0.050000000000000044,True
ddqn_per,42,523,72460,-495.75499991756385,1262.2457275390625,635.1814583556293,0.050000000000000044,True
ddqn_per,42,524,72544,-332.9402750069847,1291.5606689453125,587.7019141060965,0.050000000000000044,True
ddqn_per,42,525,72615,-575.2797970885927,1286.548583984375,612.1409808951364,0.050000000000000044,True
ddqn_per,42,526,72687,-488.34858343350965,1289.530517578125,642.8198577033149,0.050000000000000044,True
ddqn_per,42,527,72779,-598.1006976657992,1289.1898193359375,592.3962219901707,0.050000000000000044,True
ddqn_per,42,528,72850,-591.4303497330245,1289.0244140625,627.0676007337973,0.050000000000000044,True
ddqn_per,42,529,72946,-607.7306379372869,1296.29345703125,647.7392419179281,0.050000000000000044,True
ddqn_per,42,530,73012,-603.8506264041534,1321.2071533203125,624.2713368733724,0.050000000000000044,True
ddqn_per,42,531,73086,-533.4810910898498,1334.360107421875,643.0053933633341,0.050000000000000044,True
ddqn_per,42,532,73165,-546.6573815674569,1334.703125,608.3597041262856,0.050000000000000044,True
ddqn_per,42,533,73247,-581.9216619637044,1336.615966796875,623.7020431146389,0.050000000000000044,True
ddqn_per,42,534,73331,-543.9473911174741,1329.3751220703125,636.4758075532459,0.050000000000000044,True
ddqn_per,42,535,73432,-558.4729614003716,1341.3404541015625,624.3066466680848,0.050000000000000044,True
ddqn_per,42,536,73516,-579.6568195899697,1377.4931640625,615.2285218011765,0.050000000000000044,True
ddqn_per,42,537,73615,-554.0684115436127,1382.20556640625,605.276393389461,0.050000000000000044,True
ddqn_per,42,538,73720,-491.9737435136566,1377.6446533203125,581.8598368326823,0.050000000000000044,True
ddqn_per,42,539,73790,-608.7336385973597,1381.651611328125,604.2061414446149,0.050000000000000044,True
ddqn_per,42,540,73884,-559.6973677679391,1382.2076416015625,624.9505215908619,0.050000000000000044,True
ddqn_per,42,541,73976,-481.31106132393217,1383.6259765625,624.2943838368292,0.050000000000000044,True
ddqn_per,42,542,74043,-652.7079452269725,1410.74462890625,599.5202304213794,0.050000000000000044,True
ddqn_per,42,543,74130,-543.5129188923277,1423.649658203125,615.1128911862428,0.050000000000000044,True
ddqn_per,42,544,74199,-587.4306859579177,1425.5079345703125,601.5204096255095,0.050000000000000044,True
ddqn_per,42,545,74304,-449.98244586610986,1421.1278076171875,580.8049275716146,0.050000000000000044,True
ddqn_per,42,546,74368,-581.479299201041,1422.7979736328125,589.5493783950806,0.050000000000000044,True
ddqn_per,42,547,74464,-541.8482705151475,1426.4962158203125,590.0556284586588,0.050000000000000044,True
ddqn_per,42,548,74559,-594.5410016488166,1459.99365234375,587.6522592644942,0.050000000000000044,True
ddqn_per,42,549,74663,-471.63488460958206,1461.24267578125,576.1782566950872,0.050000000000000044,True
ddqn_per,42,550,74722,-544.1272064004112,1468.5184326171875,593.0373447224246,0.050000000000000044,True
ddqn_per,42,551,74818,-537.350809639473,1467.59619140625,602.5721797943115,0.050000000000000044,True
ddqn_per,42,552,74887,-476.8567997439737,1456.00537109375,600.3398649796196,0.050000000000000044,True
ddqn_per,42,553,74962,-555.639652816287,1458.522705078125,602.9563543701172,0.050000000000000044,True
ddqn_per,42,554,75054,-531.1228328369241,1497.396728515625,610.5366884314495,0.050000000000000044,True
ddqn_per,42,555,75120,-599.0194844883999,1510.295166015625,596.9418829715613,0.050000000000000044,True
ddqn_per,42,556,75193,-607.4147333053457,1499.9375,610.0748211586312,0.050000000000000044,True
ddqn_per,42,557,75274,-567.6004607307875,1499.135009765625,597.7684177351587,0.050000000000000044,True
ddqn_per,42,558,75371,-542.498266568427,1501.28564453125,594.7168717531814,0.050000000000000044,True
ddqn_per,42,559,75445,-444.7937370275327,1494.98681640625,600.010936015361,0.050000000000000044,True
ddqn_per,42,560,75523,-616.2932775530431,1528.37255859375,613.1948715601212,0.050000000000000044,True
ddqn_per,42,561,75590,-551.5910403694829,1536.497314453125,600.2839646979944,0.050000000000000044,True
ddqn_per,42,562,75656,-492.91671191997597,1534.5859375,604.5241102738814,0.050000000000000044,True
ddqn_per,42,563,75726,-547.0850782421585,1537.293701171875,616.4951699393137,0.050000000000000044,True
ddqn_per,42,564,75806,-548.1246528805373,1537.1221923828125,595.2900724411011,0.050000000000000044,True
ddqn_per,42,565,75899,-509.3869650666189,1541.45458984375,603.7323802004578,0.050000000000000044,True
ddqn_per,42,566,75987,-433.50962949908325,1537.22900390625,612.4104083668102,0.050000000000000044,True
ddqn_per,42,567,76059,-553.3614514861649,1566.8701171875,607.8836441040039,0.050000000000000044,True
ddqn_per,42,568,76152,-547.7213742579049,1570.20849609375,603.720965313655,0.050000000000000044,True
ddqn_per,42,569,76228,-583.665357725303,1568.5855712890625,592.7379865144428,0.050000000000000044,True
ddqn_per,42,570,76336,-494.50777730750434,1567.74072265625,600.1185983728479,0.050000000000000044,True
ddqn_per,42,571,76425,-625.8626104994325,1569.8831787109375,601.9071326095067,0.050000000000000044,True
ddqn_per,42,572,76526,-498.1447224370254,1601.3577880859375,616.3894493178566,0.050000000000000044,True
ddqn_per,42,573,76630,-339.49450756042035,1589.868408203125,608.373742030217,0.050000000000000044,True
ddqn_per,42,574,76713,-538.4612961865635,1605.6334228515625,602.851367628718,0.050000000000000044,True
ddqn_per,42,575,76810,-426.1793049249169,1599.67822265625,595.5932022566648,0.050000000000000044,True
ddqn_per,42,576,76931,-485.23678988643644,1599.29345703125,595.0336168777844,0.050000000000000044,True
ddqn_per,42,577,77036,-548.536470756685,1629.8477783203125,592.539136178153,0.050000000000000044,True
ddqn_per,42,578,77121,-571.7647031957906,1626.922607421875,572.2855019962086,0.050000000000000044,True
ddqn_per,42,579,77186,-564.3299185488527,1623.6585693359375,605.7959530170148,0.050000000000000044,True
ddqn_per,42,580,77255,-558.1746497940984,1632.0419921875,602.9284314141757,0.050000000000000044,True
ddqn_per,42,581,77332,-437.82855435710917,1635.2532958984375,592.2608420632102,0.050000000000000044,True
ddqn_per,42,582,77426,-557.9004160784266,1624.81298828125,617.9912680767952,0.050000000000000044,True
ddqn_per,42,583,77496,-623.7282117908194,1623.3353271484375,638.9527779715402,0.050000000000000044,True
ddqn_per,42,584,77570,-574.6349816616554,1665.5423583984375,615.4153310414907,0.050000000000000044,True
ddqn_per,42,585,77662,-565.9062176532433,1660.53564453125,612.8100920967433,0.050000000000000044,True
ddqn_per,42,586,77742,-542.1582122742147,1664.549072265625,592.4247493743896,0.050000000000000044,True
ddqn_per,42,587,77807,-571.5626943097329,1652.18505859375,610.9257150503305,0.050000000000000044,True
ddqn_per,42,588,77904,-548.597191565394,1663.5150146484375,627.1419828749194,0.050000000000000044,True
ddqn_per,42,589,77993,-577.1239833179313,1661.3292236328125,622.7017667963264,0.050000000000000044,True
ddqn_per,42,590,78109,-497.8412701948388,1694.6619873046875,565.1951548477699,0.050000000000000044,True
ddqn_per,42,591,78178,-589.2653591232173,1681.3564453125,598.9924612736356,0.050000000000000044,True
ddqn_per,42,592,78292,-488.2691527577605,1691.15087890625,589.4602173922354,0.050000000000000044,True
ddqn_per,42,593,78394,-555.6239008611282,1698.8837890625,598.6094755284927,0.050000000000000044,True
ddqn_per,42,594,78453,-614.2941951974525,1686.8026123046875,615.9986406746557,0.050000000000000044,True
ddqn_per,42,595,78562,-482.55852156101747,1715.7437744140625,595.9927930919403,0.050000000000000044,True
ddqn_per,42,596,78626,-431.4278795238328,1712.1328125,591.0714461803436,0.050000000000000044,True
ddqn_per,42,597,78703,-510.2762008392736,1711.06298828125,588.541581587358,0.050000000000000044,True
ddqn_per,42,598,78810,-517.7233666580355,1722.3743896484375,608.2149997604228,0.050000000000000044,True
ddqn_per,42,599,78878,-512.6547211531313,1717.9722900390625,592.1981600593118,0.050000000000000044,True
ddqn_per,42,600,78953,-552.6471795789425,1719.8895263671875,611.5077799479167,0.050000000000000044,True
ddqn_per,42,601,79071,-491.1559730106909,1750.6851806640625,566.9110448804952,0.050000000000000044,True
ddqn_per,42,602,79170,-515.6181350084104,1755.6331787109375,588.5328117910058,0.050000000000000044,True
ddqn_per,42,603,79263,-517.1773964526597,1760.62353515625,566.4676141226164,0.050000000000000044,True
ddqn_per,42,604,79338,-525.8368891500161,1752.64013671875,601.1729575602213,0.050000000000000044,True
ddqn_per,42,605,79413,-595.9550434038518,1757.7568359375,592.1560852050782,0.050000000000000044,True
ddqn_per,42,606,79513,-507.7498761513039,1775.1947021484375,563.6107290649414,0.050000000000000044,True
ddqn_per,42,607,79607,-555.6689524030421,1789.4415283203125,559.1487181643222,0.050000000000000044,True
ddqn_per,42,608,79682,-572.3750515306656,1789.74658203125,574.2816748046876,0.050000000000000044,True
ddqn_per,42,609,79757,-560.4938334681551,1787.635986328125,566.2265342203776,0.050000000000000044,True
ddqn_per,42,610,79870,-476.87961888429544,1782.3321533203125,559.2091693709382,0.050000000000000044,True
ddqn_per,42,611,79940,-483.1229393979835,1788.8070068359375,581.1037362234933,0.050000000000000044,True
ddqn_per,42,612,80006,-438.6490355692361,1772.207763671875,567.1032014326615,0.050000000000000044,True
ddqn_per,42,613,80109,-574.4294077094328,1806.7701416015625,566.0378077238508,0.050000000000000044,True
ddqn_per,42,614,80177,-359.6560906613889,1805.7901611328125,572.5325344310087,0.050000000000000044,True
ddqn_per,42,615,80270,-526.4957237759687,1802.6334228515625,614.4573761314474,0.050000000000000044,True
ddqn_per,42,616,80386,-509.6955031727988,1797.829345703125,558.0509634346797,0.050000000000000044,True
ddqn_per,42,617,80465,-539.9092497380464,1806.7098388671875,565.7499179115779,0.050000000000000044,True
ddqn_per,42,618,80535,-483.17460660195866,1833.671142578125,551.9529200962612,0.050000000000000044,True
ddqn_per,42,619,80642,-558.1625406929647,1827.408447265625,549.2448928690402,0.050000000000000044,True
ddqn_per,42,620,80706,-518.0232761145458,1835.4287109375,575.1080594062805,0.050000000000000044,True
ddqn_per,42,621,80805,-515.9112741065795,1840.25048828125,548.7950411709872,0.050000000000000044,True
ddqn_per,42,622,80892,-527.7264289175855,1844.6668701171875,563.9798457704742,0.050000000000000044,True
ddqn_per,42,623,80955,-542.1913463268531,1835.4803466796875,603.6850227477058,0.050000000000000044,True
ddqn_per,42,624,81072,-444.10343955952897,1856.814697265625,563.2052299303887,0.050000000000000044,True
ddqn_per,42,625,81168,-569.6357355435398,1870.41064453125,555.0628101030985,0.050000000000000044,True
ddqn_per,42,626,81250,-536.0162108145965,1866.51025390625,561.1911050749989,0.050000000000000044,True
ddqn_per,42,627,81352,-571.932084656044,1859.0474853515625,539.1859955133176,0.050000000000000044,True
ddqn_per,42,628,81462,-472.8345023897102,1861.634033203125,569.8871863625267,0.050000000000000044,True
ddqn_per,42,629,81559,-559.9562665970012,1877.723876953125,547.7644249041056,0.050000000000000044,True
ddqn_per,42,630,81636,-572.0170820827816,1875.1651611328125,554.9142927689986,0.050000000000000044,True
ddqn_per,42,631,81705,-566.876241126769,1868.31201171875,558.9080854775249,0.050000000000000044,True
ddqn_per,42,632,81774,-538.8115817234557,1872.0439453125,526.0289828535439,0.050000000000000044,True
ddqn_per,42,633,81870,-520.4548688992824,1877.4375,548.5353035926819,0.050000000000000044,True
ddqn_per,42,634,81985,-480.17101628099755,1877.75537109375,535.1108953061312,0.050000000000000044,True
ddqn_per,42,635,82083,-555.8160671236042,1897.0653076171875,538.7039435250418,0.050000000000000044,True
ddqn_per,42,636,82198,-435.189590374778,1896.486572265625,555.3314113451087,0.050000000000000044,True
ddqn_per,42,637,82323,-519.2403823745694,1882.529052734375,582.0015656738282,0.050000000000000044,True
ddqn_per,42,638,82435,-501.10719707695023,1895.2203369140625,559.7469141823905,0.050000000000000044,True
ddqn_per,42,639,82505,-471.27761141722476,1897.8695068359375,550.22502986363,0.050000000000000044,True
ddqn_per,42,640,82595,-526.5537026939799,1914.770263671875,538.8752471923829,0.050000000000000044,True
ddqn_per,42,641,82724,-463.09338154681876,1911.7852783203125,533.3778183811395,0.050000000000000044,True
ddqn_per,42,642,82827,-469.07926757102507,1913.3543701171875,548.1118203876088,0.050000000000000044,True
ddqn_per,42,643,82929,-542.9231424291368,1919.06689453125,538.1376769869935,0.050000000000000044,True
ddqn_per,42,644,83020,-453.4618783432289,1936.4140625,545.218502170437,0.050000000000000044,True
ddqn_per,42,645,83111,-495.1848528851029,1940.3076171875,541.7776214264252,0.050000000000000044,True
ddqn_per,42,646,83190,-523.7831877752694,1938.1053466796875,538.9775029435942,0.050000000000000044,True
ddqn_per,42,647,83259,-446.09350796550126,1937.6229248046875,588.7694591577502,0.050000000000000044,True
ddqn_per,42,648,83362,-485.25980673327797,1931.03662109375,552.0999754377939,0.050000000000000044,True
ddqn_per,42,649,83426,-504.7893498254626,1938.7618408203125,560.2071840763092,0.050000000000000044,True
ddqn_per,42,650,83533,-496.37070624177727,1949.91064453125,520.2951069769458,0.050000000000000044,True
ddqn_per,42,651,83630,-446.2406198777589,1954.88427734375,532.1893305827662,0.050000000000000044,True
ddqn_per,42,652,83742,-505.1057055176537,1945.470947265625,544.4483623504639,0.050000000000000044,True
ddqn_per,42,653,83840,-549.799176312451,1954.125,533.8082362583706,0.050000000000000044,True
ddqn_per,42,654,83922,-504.0827078731695,1949.56689453125,536.8966094226372,0.050000000000000044,True
ddqn_per,42,655,83992,-435.4779459467404,1948.8687744140625,573.8940126691546,0.050000000000000044,True
ddqn_per,42,656,84120,-480.9908717829372,1961.120361328125,505.9122058749199,0.050000000000000044,True
ddqn_per,42,657,84193,-365.0961949083818,1952.0244140625,507.0235804727633,0.050000000000000044,True
ddqn_per,42,658,84285,-547.6581622939518,1963.7718505859375,515.3081716454548,0.050000000000000044,True
ddqn_per,42,659,84389,-532.7928074392137,1955.194091796875,509.08913348271295,0.050000000000000044,True
ddqn_per,42,660,84475,-478.1490420044092,1971.4759521484375,514.2881989589957,0.050000000000000044,True
ddqn_per,42,661,84583,-369.53965944433753,1976.4937744140625,529.6964653156422,0.050000000000000044,True
ddqn_per,42,662,84665,-322.6136985263016,1977.6356201171875,535.5985094396079,0.050000000000000044,True
ddqn_per,42,663,84751,-428.1013195998619,1976.01025390625,498.4420698298964,0.050000000000000044,True
ddqn_per,42,664,84844,-513.2934111299766,1969.1502685546875,560.9139328823295,0.050000000000000044,True
ddqn_per,42,665,84919,-579.7534818127142,1974.080810546875,511.8197198486328,0.050000000000000044,True
ddqn_per,42,666,85027,-483.7625384034264,2001.3162841796875,518.3718579256976,0.050000000000000044,True
ddqn_per,42,667,85101,-513.8707710917915,2002.9681396484375,548.9290497238571,0.050000000000000044,True
ddqn_per,42,668,85175,-392.1719250235309,1994.1881103515625,545.5008586161846,0.050000000000000044,True
ddqn_per,42,669,85256,-489.8371988259399,2011.5340576171875,544.980727961034,0.050000000000000044,True
ddqn_per,42,670,85331,-361.5318117331967,2001.6552734375,545.2670526123047,0.050000000000000044,True
ddqn_per,42,671,85438,-422.97652975175504,1999.8131103515625,520.6168236420533,0.050000000000000044,True
ddqn_per,42,672,85552,-398.90015972026623,2008.71240234375,541.9137322944507,0.050000000000000044,True
ddqn_per,42,673,85617,-477.750108858046,2006.1572265625,556.097855083759,0.050000000000000044,True
ddqn_per,42,674,85717,-431.70640327466424,2008.8887939453125,573.4235095214843,0.050000000000000044,True
ddqn_per,42,675,85832,-484.994819361952,2008.6328125,575.5065872855808,0.050000000000000044,True
ddqn_per,42,676,85941,-400.3491535198376,2009.9501953125,578.4441504522201,0.050000000000000044,True
ddqn_per,42,677,86050,-453.29419025181625,2014.7142333984375,563.7940969204684,0.050000000000000044,True
ddqn_per,42,678,86146,-442.47574036656107,2019.0252685546875,615.4884723027548,0.050000000000000044,True
ddqn_per,42,679,86232,-505.3023387405352,2014.7845458984375,595.2611476099769,0.050000000000000044,True
ddqn_per,42,680,86315,-437.30571211531543,2018.3961181640625,571.4552564506071,0.050000000000000044,True
ddqn_per,42,681,86429,-449.82713162822074,2009.447509765625,578.3293663158752,0.050000000000000044,True
ddqn_per,42,682,86502,-456.773486096765,2013.65283203125,615.8354208959292,0.050000000000000044,True
ddqn_per,42,683,86573,-378.466813317867,2029.2611083984375,552.594432991995,0.050000000000000044,True
ddqn_per,42,684,86693,-554.3456211973864,2028.66943359375,557.4342591603597,0.050000000000000044,True
ddqn_per,42,685,86790,-445.9228733516666,2027.2554931640625,555.6583262964622,0.050000000000000044,True
ddqn_per,42,686,86872,-452.7702011127255,2023.896240234375,555.3899608705102,0.050000000000000044,True
ddqn_per,42,687,86958,-495.45996700952577,2028.5347900390625,599.8056312383608,0.050000000000000044,True
ddqn_per,42,688,87048,-485.76008411560406,2040.57373046875,571.6598402235243,0.050000000000000044,True
ddqn_per,42,689,87140,-555.9593096769361,2033.4378662109375,580.0489933179772,0.050000000000000044,True
ddqn_per,42,690,87227,-435.07651153279977,2035.3587646484375,629.1476324673357,0.050000000000000044,True
ddqn_per,42,691,87322,-543.775088426336,2039.3675537109375,568.772164113898,0.050000000000000044,True
ddqn_per,42,692,87411,-569.7495262376984,2041.8536376953125,580.4132050074888,0.050000000000000044,True
ddqn_per,42,693,87498,-563.6533428603432,2032.3631591796875,555.4344071136123,0.050000000000000044,True
ddqn_per,42,694,87583,-567.4986465940251,2041.2347412109375,556.2493573805865,0.050000000000000044,True
ddqn_per,42,695,87656,-640.9415744309526,2044.479736328125,599.2942816329329,0.050000000000000044,True
ddqn_per,42,696,87729,-418.06467940915866,2040.7042236328125,552.1223065101937,0.050000000000000044,True
ddqn_per,42,697,87850,-533.4822706891625,2038.4200439453125,547.2228947158687,0.050000000000000044,True
ddqn_per,42,698,87918,-434.0847444964109,2035.2454833984375,587.3886922948501,0.050000000000000044,True
ddqn_per,42,699,87997,-474.9513988309296,2033.9273681640625,562.9142089071153,0.050000000000000044,True
ddqn_per,42,700,88092,-529.5915376113567,2040.4620361328125,549.5111811587685,0.050000000000000044,True
ddqn_per,42,701,88169,-386.8131425761496,2044.59716796875,554.9268057686942,0.050000000000000044,True
ddqn_per,42,702,88240,-448.98057845947005,2044.37841796875,544.5893359117105,0.050000000000000044,True
ddqn_per,42,703,88315,-393.5159215957025,2044.4893798828125,589.7145513916016,0.050000000000000044,True
ddqn_per,42,704,88388,-501.90233733538486,2043.2021484375,560.804712164892,0.050000000000000044,True
ddqn_per,42,705,88495,-594.8848233402553,2051.3193359375,574.9973425464095,0.050000000000000044,True
ddqn_per,42,706,88591,-529.2619016742977,2055.413818359375,560.198754231135,0.050000000000000044,True
ddqn_per,42,707,88722,-568.050635326036,2043.9703369140625,569.8580439909724,0.050000000000000044,True
ddqn_per,42,708,88795,-428.7061337835789,2056.234619140625,588.5457947613442,0.050000000000000044,True
ddqn_per,42,709,88894,-556.9635085548778,2061.100830078125,571.3938811331084,0.050000000000000044,True
ddqn_per,42,710,88966,-446.8978545296783,2055.978759765625,543.4104629092747,0.050000000000000044,True
ddqn_per,42,711,89040,-483.0443386810571,2052.36669921875,556.2164923178183,0.050000000000000044,True
ddqn_per,42,712,89131,-429.5710148807259,2058.066162109375,552.6401457734161,0.050000000000000044,True
ddqn_per,42,713,89253,-513.4973938442085,2058.222900390625,561.732792588531,0.050000000000000044,True
ddqn_per,42,714,89389,-457.9602177591738,2052.27880859375,568.8931826423196,0.050000000000000044,True
ddqn_per,42,715,89504,-510.6075009742489,2053.501953125,568.7951276032821,0.050000000000000044,True
ddqn_per,42,716,89614,-539.0020571173486,2062.02783203125,542.9054976029829,0.050000000000000044,True
ddqn_per,42,717,89736,-508.348677795589,2047.8270263671875,518.8309397462939,0.050000000000000044,True
ddqn_per,42,718,89851,-522.9260361047145,2063.671142578125,533.6496068539827,0.050000000000000044,True
ddqn_per,42,719,89950,-565.0000681203613,2041.3848876953125,524.839077959157,0.050000000000000044,True
ddqn_per,42,720,90033,-457.316265131406,2072.1640625,549.4577818721174,0.050000000000000044,True
ddqn_per,42,721,90117,-459.53982674963845,2065.95166015625,520.2094210670108,0.050000000000000044,True
ddqn_per,42,722,90230,-543.5433940474984,2084.51220703125,511.1115119056364,0.050000000000000044,True
ddqn_per,42,723,90332,-530.7747967472612,2069.9814453125,553.5291351617551,0.050000000000000044,True
ddqn_per,42,724,90436,-514.2405979480956,2066.891845703125,561.8499073615441,0.050000000000000044,True
ddqn_per,42,725,90559,-410.05259728306925,2082.31884765625,564.6171877481104,0.050000000000000044,True
ddqn_per,42,726,90699,-521.2574419955101,2083.56396484375,526.1687821524483,0.050000000000000044,True
ddqn_per,42,727,90770,-481.36732403648114,2077.817138671875,544.730244381327,0.050000000000000044,True
ddqn_per,42,728,90913,-603.1036256928903,2083.783935546875,536.5062103271484,0.050000000000000044,True
ddqn_per,42,729,91005,-463.83466322264263,2082.836181640625,523.3408692401389,0.050000000000000044,True
ddqn_per,42,730,91100,-518.2966401424717,2088.85546875,518.9786311099404,0.050000000000000044,True
ddqn_per,42,731,91181,-475.0213822319878,2088.144287109375,535.3014096860533,0.050000000000000044,True
ddqn_per,42,732,91314,-572.840224458042,2088.617431640625,549.8365597832471,0.050000000000000044,True
ddqn_per,42,733,91400,-505.23646701828153,2092.44677734375,573.0345279782317,0.050000000000000044,True
ddqn_per,42,734,91495,-503.64739682899244,2085.991943359375,572.2574935109992,0.050000000000000044,True
ddqn_per,42,735,91626,-500.16193504597794,2082.17626953125,525.7805952115823,0.050000000000000044,True
ddqn_per,42,736,91759,-539.9384802301092,2079.484375,515.2770529151859,0.050000000000000044,True
ddqn_per,42,737,91833,-461.6898493259143,2082.113525390625,517.9105075114483,0.050000000000000044,True
ddqn_per,42,738,91953,-504.44901498005703,2071.847412109375,551.471060816447,0.050000000000000044,True
ddqn_per,42,739,92037,-496.771187960066,2069.609619140625,495.75114422752745,0.050000000000000044,True
ddqn_per,42,740,92166,-493.07674674726394,2079.236328125,518.8309553870859,0.050000000000000044,True
ddqn_per,42,741,92250,-452.0124324908791,2073.367431640625,536.5928468250092,0.050000000000000044,True
ddqn_per,42,742,92337,-491.56166381478937,2074.898681640625,499.5738535913928,0.050000000000000044,True
ddqn_per,42,743,92461,-544.8985645317081,2070.547119140625,522.9023517485588,0.050000000000000044,True
ddqn_per,42,744,92581,-469.55098085653253,2062.77783203125,511.53742707570393,0.050000000000000044,True
ddqn_per,42,745,92655,-502.0134111528685,2070.982666015625,541.2462879902607,0.050000000000000044,True
ddqn_per,42,746,92726,-415.61964938505025,2062.8671875,494.55170687823227,0.050000000000000044,True
ddqn_per,42,747,92806,-442.0528764605081,2068.97998046875,528.3605657577515,0.050000000000000044,True
ddqn_per,42,748,92890,-482.31243956543403,2060.994384765625,491.30778666904996,0.050000000000000044,True
ddqn_per,42,749,92962,-514.4145798403483,2057.634765625,510.1282418568929,0.050000000000000044,True
ddqn_per,42,750,93094,-527.1514052084492,2067.830078125,507.5623427882339,0.050000000000000044,True
ddqn_per,42,751,93216,-524.0605539523112,2068.78271484375,525.3491093369781,0.050000000000000044,True
ddqn_per,42,752,93324,-549.6831970597229,2056.652099609375,514.6886606569643,0.050000000000000044,True
ddqn_per,42,753,93422,-496.2939561810908,2073.85400390625,543.9563190693758,0.050000000000000044,True
ddqn_per,42,754,93534,-553.0394630511389,2053.66015625,517.3972992897034,0.050000000000000044,True
ddqn_per,42,755,93656,-467.75281204469917,2063.48681640625,517.0818912318496,0.050000000000000044,True
ddqn_per,42,756,93731,-455.5899562465652,2063.207763671875,490.92426900227866,0.050000000000000044,True
ddqn_per,42,757,93889,-494.11947358791895,2082.875732421875,507.4814586880841,0.050000000000000044,True
ddqn_per,42,758,94011,-539.0852329312216,2057.393798828125,507.7299638341685,0.050000000000000044,True
ddqn_per,42,759,94135,-558.7496706605605,2055.0419921875,500.5451756754229,0.050000000000000044,True
ddqn_per,42,760,94267,-509.9000472067698,2053.341796875,491.3453618251916,0.050000000000000044,True
ddqn_per,42,761,94399,-555.8465010834213,2058.2646484375,507.2254011847756,0.050000000000000044,True
ddqn_per,42,762,94527,-484.87508229006806,2049.488037109375,492.971396446228,0.050000000000000044,True
ddqn_per,42,763,94638,-574.3477629304301,2058.370361328125,497.8594823613897,0.050000000000000044,True
ddqn_per,42,764,94712,-618.2552570052409,2037.034423828125,476.4541163573394,0.050000000000000044,True
ddqn_per,42,765,94865,-529.2571805277603,2056.843505859375,529.3751813103171,0.050000000000000044,True
ddqn_per,42,766,94967,-622.1453042586269,2050.941162109375,481.15971239875347,0.050000000000000044,True
ddqn_per,42,767,95080,-504.0832628153357,2048.6083984375,518.990408163155,0.050000000000000044,True
ddqn_per,42,768,95168,-559.1355683163104,2042.5665283203125,477.49243146722966,0.050000000000000044,True
ddqn_per,42,769,95237,-570.3868067730227,2043.46142578125,553.9546659165535,0.050000000000000044,True
ddqn_per,42,770,95342,-616.894937352304,2048.593505859375,462.7744590395973,0.050000000000000044,True
ddqn_per,42,771,95422,-654.4424838123696,2043.0921630859375,484.8940857172012,0.050000000000000044,True
ddqn_per,42,772,95613,-581.0157694380478,2041.8682861328125,486.77551740876044,0.050000000000000044,True
ddqn_per,42,773,95709,-569.1045303961537,2046.7449951171875,463.0512052377065,0.050000000000000044,True
ddqn_per,42,774,95788,-616.7608170976586,2044.606201171875,500.71969392028035,0.050000000000000044,True
ddqn_per,42,775,95908,-575.1601435226287,2037.6153564453125,486.9509028116862,0.050000000000000044,True
ddqn_per,42,776,95977,-508.94676151993644,2042.7574462890625,485.4700733129529,0.050000000000000044,True
ddqn_per,42,777,96073,-377.9394076015135,2031.614990234375,468.9004402955373,0.050000000000000044,True
ddqn_per,42,778,96171,-472.73268274026555,2028.28369140625,470.0535205918915,0.050000000000000044,True
ddqn_per,42,779,96274,-623.1275994497903,2033.88623046875,502.6958954449996,0.050000000000000044,True
ddqn_per,42,780,96359,-604.4411801078904,2040.733154296875,533.0801716524012,0.050000000000000044,True
ddqn_per,42,781,96460,-594.5776287574098,2039.8555908203125,464.5512835814221,0.050000000000000044,True
ddqn_per,42,782,96597,-504.7632579324839,2045.319091796875,497.91751719565286,0.050000000000000044,True
ddqn_per,42,783,96681,-459.35708425933063,2043.5863037109375,497.5058726356143,0.050000000000000044,True
ddqn_per,42,784,96782,-594.0382581131286,2052.347900390625,512.0999185543249,0.050000000000000044,True
ddqn_per,42,785,96922,-596.2714515629583,2036.164794921875,522.1482748304095,0.050000000000000044,True
ddqn_per,42,786,97024,-620.5077095190019,2046.8565673828125,504.7519383149988,0.050000000000000044,True
ddqn_per,42,787,97101,-487.7179259166708,2052.93505859375,492.17363937179766,0.050000000000000044,True
ddqn_per,42,788,97202,-610.603529133261,2039.9705810546875,516.4691403832766,0.050000000000000044,True
ddqn_per,42,789,97358,-529.9495573043138,2046.4248046875,516.3469078601935,0.050000000000000044,True
ddqn_per,42,790,97436,-440.8808835537852,2041.88720703125,502.0072987874349,0.050000000000000044,True
ddqn_per,42,791,97509,-513.6030260276316,2043.467529296875,522.9970228639368,0.050000000000000044,True
ddqn_per,42,792,97620,-594.7179733236276,2048.388427734375,511.1928443565025,0.050000000000000044,True
ddqn_per,42,793,97694,-534.5991957087845,2050.0302734375,496.9705410519162,0.050000000000000044,True
ddqn_per,42,794,97771,-535.19089237333,2056.950927734375,548.7117575112875,0.050000000000000044,True
ddqn_per,42,795,97892,-539.1621909139121,2048.64697265625,511.2736894276517,0.050000000000000044,True
ddqn_per,42,796,98040,-500.692637626614,2034.7574462890625,503.58917456704216,0.050000000000000044,True
ddqn_per,42,797,98120,-446.5989669931518,2036.813232421875,509.44123973846433,0.050000000000000044,True
ddqn_per,42,798,98197,-616.2104915671083,2026.08251953125,532.7766749394405,0.050000000000000044,True
ddqn_per,42,799,98276,-493.7365726382802,2033.6737060546875,578.3992111592353,0.050000000000000044,True
ddqn_per,42,800,98389,-575.0009056364636,2037.4302978515625,522.6868641946168,0.050000000000000044,True
ddqn_per,42,801,98503,-568.7262148557568,2011.1676025390625,538.3473348784865,0.050000000000000044,True
ddqn_per,42,802,98636,-499.9385204188778,2014.280517578125,527.5441855237,0.050000000000000044,True
ddqn_per,42,803,98752,-514.5804565219144,2028.37255859375,540.4158435032285,0.050000000000000044,True
ddqn_per,42,804,98852,-592.9022094156359,2025.6087646484375,528.7855647277833,0.050000000000000044,True
ddqn_per,42,805,98975,-539.1786006583468,2018.122802734375,531.445295380383,0.050000000000000044,True
ddqn_per,42,806,99072,-586.9539972243463,2007.3074951171875,558.4301436906009,0.050000000000000044,True
ddqn_per,42,807,99209,-507.9087126016708,2007.9984130859375,555.2117984521128,0.050000000000000044,True
ddqn_per,42,808,99289,-498.2040974345581,2014.496826171875,540.1262397766113,0.050000000000000044,True
ddqn_per,42,809,99428,-424.22445674973216,2004.3319091796875,527.2888750035128,0.050000000000000044,True
ddqn_per,42,810,99560,-537.0152617224526,2000.181396484375,570.7256744847153,0.050000000000000044,True
ddqn_per,42,811,99690,-572.7535156580084,2004.3917236328125,512.8806948441726,0.050000000000000044,True
ddqn_per,42,812,99773,-447.9235848446928,2007.16064453125,544.0603481430605,0.050000000000000044,True
ddqn_per,42,813,99865,-559.8288255410887,2007.26953125,548.3664862591287,0.050000000000000044,True
ddqn_per,42,814,99949,-566.2348676303136,2012.3065185546875,558.6685643877302,0.050000000000000044,True
